"Timestamp","Total score","Name","Name [Score]","Name [Feedback]","ARM","ARM [Score]","ARM [Feedback]","What is the full meaning of WAN","What is the full meaning of WAN [Score]","What is the full meaning of WAN [Feedback]","A computer on a network is called                        ","A computer on a network is called                         [Score]","A computer on a network is called                         [Feedback]","Which of the following is an example of an intermediary device","Which of the following is an example of an intermediary device [Score]","Which of the following is an example of an intermediary device [Feedback]","Which of the following network infrastructure is bigger","Which of the following network infrastructure is bigger [Score]","Which of the following network infrastructure is bigger [Feedback]","                       is a world wide collection of interconnected devices","                       is a world wide collection of interconnected devices [Score]","                       is a world wide collection of interconnected devices [Feedback]"
"2022/11/04 4:46:28 AM PDT","6.00 / 10","Oyinbrakemi Prince-Samuel Yikarebogha","-- / 0","","B","-- / 0","","Wide Area Network","2.00 / 2","","a client","0.00 / 2","","none","0.00 / 2","","MAN","2.00 / 2","","internet","2.00 / 2",""
"2022/11/04 4:49:07 AM PDT","6.00 / 10","Ewaoche Henry Adakole","-- / 0","","B","-- / 0","","Wide Area Network","2.00 / 2","","a client","0.00 / 2","","server","0.00 / 2","","MAN","2.00 / 2","","internet","2.00 / 2",""
"2022/11/04 4:51:54 AM PDT","4.00 / 10","Akinwale divine","-- / 0","","B","-- / 0","","Wide Area Network","2.00 / 2","","a server","0.00 / 2","","server","0.00 / 2","","MAN","2.00 / 2","","network","0.00 / 2",""
"2022/11/04 4:52:01 AM PDT","4.00 / 10","DANIEL EREKOSIMA","-- / 0","","B","-- / 0","","Wide Area Network","2.00 / 2","","a server","0.00 / 2","","server","0.00 / 2","","MAN","2.00 / 2","","world wide web","0.00 / 2",""
"2022/11/04 4:54:55 AM PDT","6.00 / 10","DANIEL EREKOSIMA","-- / 0","","B","-- / 0","","Wide Area Network","2.00 / 2","","none","0.00 / 2","","computer","0.00 / 2","","MAN","2.00 / 2","","internet","2.00 / 2",""
"2022/11/04 4:57:44 AM PDT","6.00 / 10","ogbonna marvin","-- / 0","","B","-- / 0","","Wide Area Network","2.00 / 2","","a server","0.00 / 2","","server","0.00 / 2","","MAN","2.00 / 2","","internet","2.00 / 2",""
"2022/11/04 4:58:37 AM PDT","2.00 / 10","bonny/ogiliezebe/miracle","-- / 0","","B","-- / 0","","Wide Area Network","2.00 / 2","","a server","0.00 / 2","","server","0.00 / 2","","WLAN","0.00 / 2","","world wide web","0.00 / 2",""
"2022/11/04 5:01:15 AM PDT","2.00 / 10","iheanacho trust","-- / 0","","B","-- / 0","","Wide Area Network","2.00 / 2","","a server","0.00 / 2","","server","0.00 / 2","","none","0.00 / 2","","world wide web","0.00 / 2",""
"2022/11/04 5:07:33 AM PDT","4.00 / 10","AGUGUA-ERNEST CHIBUIKEM FAVOUR","-- / 0","","B","-- / 0","","Wide Area Network","2.00 / 2","","a server","0.00 / 2","","computer","0.00 / 2","","WLAN","0.00 / 2","","internet","2.00 / 2",""
"2022/11/04 5:08:14 AM PDT","6.00 / 10","IKECHUKWU FRANKLYN","-- / 0","","B","-- / 0","","Wide Area Network","2.00 / 2","","an end device","2.00 / 2","","server","0.00 / 2","","MAN","2.00 / 2","","world wide web","0.00 / 2",""
"2022/11/04 5:09:04 AM PDT","4.00 / 10","Ndukwe Messi Agwu Onum","-- / 0","","B","-- / 0","","Wide Area Network","2.00 / 2","","an end device","2.00 / 2","","computer","0.00 / 2","","none","0.00 / 2","","network","0.00 / 2",""
"2022/11/04 5:12:58 AM PDT","4.00 / 10","Nmehielle Hoour God","-- / 0","","B","-- / 0","","Wide Area Network","2.00 / 2","","a server","0.00 / 2","","server","0.00 / 2","","MAN","2.00 / 2","","network","0.00 / 2",""
"2022/11/04 5:13:12 AM PDT","8.00 / 10","DONATUS JESSICA ","-- / 0","","B","-- / 0","","Wide Area Network","2.00 / 2","","a client","0.00 / 2","","firewall","2.00 / 2","","MAN","2.00 / 2","","internet","2.00 / 2",""
"2022/11/04 5:15:23 AM PDT","6.00 / 10","UWAGBALE  EMMANUELLA .E.","-- / 0","","B","-- / 0","","Wide Area Network","2.00 / 2","","a server","0.00 / 2","","computer","0.00 / 2","","MAN","2.00 / 2","","internet","2.00 / 2",""
"2022/11/04 5:16:55 AM PDT","4.00 / 10","Ngo-Simeon Adoramene Barido Gaadapfii Isaac","-- / 0","","B","-- / 0","","Wide Area Network","2.00 / 2","","a server","0.00 / 2","","firewall","2.00 / 2","","WLAN","0.00 / 2","","network","0.00 / 2",""
"2022/11/04 5:19:57 AM PDT","4.00 / 10","UBIDO/FAVOUR/BERNARD","-- / 0","","B","-- / 0","","Wireless Area Network","0.00 / 2","","an end device","2.00 / 2","","server","0.00 / 2","","WLAN","0.00 / 2","","internet","2.00 / 2",""
"2022/11/04 5:22:00 AM PDT","2.00 / 10","ANGEL OGBODU","-- / 0","","B","-- / 0","","Wireless Area Network","0.00 / 2","","a server","0.00 / 2","","computer","0.00 / 2","","MAN","2.00 / 2","","network","0.00 / 2",""
"2022/11/04 5:42:29 AM PDT","4.00 / 10","John Sarima","-- / 0","","K","-- / 0","","Wide Area Network","2.00 / 2","","a server","0.00 / 2","","server","0.00 / 2","","MAN","2.00 / 2","","network","0.00 / 2",""
"2022/11/04 5:44:31 AM PDT","2.00 / 10","Gilbert Winifred James","-- / 0","","K","-- / 0","","Wide Area Network","2.00 / 2","","a server","0.00 / 2","","computer","0.00 / 2","","none","0.00 / 2","","network","0.00 / 2",""
"2022/11/04 5:47:29 AM PDT","4.00 / 10","Gilbert Winifred James","-- / 0","","K","-- / 0","","Wide Area Network","2.00 / 2","","a server","0.00 / 2","","server","0.00 / 2","","WLAN","0.00 / 2","","internet","2.00 / 2",""
"2022/11/04 5:51:07 AM PDT","8.00 / 10","Okpan Emmanuel","-- / 0","","H","-- / 0","","Wide Area Network","2.00 / 2","","an end device","2.00 / 2","","server","0.00 / 2","","MAN","2.00 / 2","","internet","2.00 / 2",""
"2022/11/04 5:58:40 AM PDT","4.00 / 10","CHUKWUEMEKA JOHNBOSO .C.","-- / 0","","H","-- / 0","","Wide Area Network","2.00 / 2","","a server","0.00 / 2","","firewall","2.00 / 2","","WLAN","0.00 / 2","","network","0.00 / 2",""
"2022/11/04 6:17:28 AM PDT","6.00 / 10","ANYASO ANGEL SOCHINAZAM","-- / 0","","C","-- / 0","","Wide Area Network","2.00 / 2","","an end device","2.00 / 2","","firewall","2.00 / 2","","LAN","0.00 / 2","","network","0.00 / 2",""
"2022/11/04 6:18:17 AM PDT","8.00 / 10","Okeke  Winifred","-- / 0","","C","-- / 0","","Wide Area Network","2.00 / 2","","a client","0.00 / 2","","firewall","2.00 / 2","","MAN","2.00 / 2","","internet","2.00 / 2",""
"2022/11/04 6:19:49 AM PDT","6.00 / 10","gabriel chukwuebuka prince","-- / 0","","C","-- / 0","","Wide Area Network","2.00 / 2","","an end device","2.00 / 2","","firewall","2.00 / 2","","WLAN","0.00 / 2","","network","0.00 / 2",""
"2022/11/04 6:20:33 AM PDT","8.00 / 10","AKUKWE MICHELLE CHINENYE","-- / 0","","C","-- / 0","","Wide Area Network","2.00 / 2","","an end device","2.00 / 2","","firewall","2.00 / 2","","MAN","2.00 / 2","","network","0.00 / 2",""
"2022/11/04 6:21:36 AM PDT","4.00 / 10","EJIOGU FAVOUR CHINONYE","-- / 0","","C","-- / 0","","Wide Area Network","2.00 / 2","","a server","0.00 / 2","","server","0.00 / 2","","none","0.00 / 2","","internet","2.00 / 2",""
"2022/11/04 6:23:25 AM PDT","6.00 / 10","OBINNA  ADAEZE  DIANA ","-- / 0","","C","-- / 0","","Wide Area Network","2.00 / 2","","a server","0.00 / 2","","firewall","2.00 / 2","","WLAN","0.00 / 2","","internet","2.00 / 2",""