"Timestamp","Total score","Name","Name [Score]","Name [Feedback]","ARM","ARM [Score]","ARM [Feedback]","Which of the following is not a type of server","Which of the following is not a type of server [Score]","Which of the following is not a type of server [Feedback]","Which of the following network infrastructure is bigger","Which of the following network infrastructure is bigger [Score]","Which of the following network infrastructure is bigger [Feedback]","What is the full meaning of MAN","What is the full meaning of MAN [Score]","What is the full meaning of MAN [Feedback]","In a peer to peer network, is it possible for a device to be both a client and a server?","In a peer to peer network, is it possible for a device to be both a client and a server? [Score]","In a peer to peer network, is it possible for a device to be both a client and a server? [Feedback]","                              identifies each end device on a network","                              identifies each end device on a network [Score]","                              identifies each end device on a network [Feedback]"
"2022/11/04 12:53:29 AM PDT","6.00 / 10","JEHWO MELODY OGHENERUME","-- / 0","","G","-- / 0","","Cloud Server","2.00 / 2","","MAN","0.00 / 2","","Metropolitan Area Network","2.00 / 2","","yes","2.00 / 2","","location","0.00 / 2",""
"2022/11/04 12:54:08 AM PDT","10.00 / 10","Egbuchulem Fortune .O.","-- / 0","","G","-- / 0","","Cloud Server","2.00 / 2","","WAN","2.00 / 2","","Metropolitan Area Network","2.00 / 2","","yes","2.00 / 2","","address","2.00 / 2",""
"2022/11/04 12:57:34 AM PDT","10.00 / 10","Omoko Alfred ","-- / 0","","G","-- / 0","","Cloud Server","2.00 / 2","","WAN","2.00 / 2","","Metropolitan Area Network","2.00 / 2","","yes","2.00 / 2","","address","2.00 / 2",""
"2022/11/04 12:57:39 AM PDT","6.00 / 10","happinessjoseph","-- / 0","","G","-- / 0","","Cloud Server","2.00 / 2","","LAN","0.00 / 2","","Metropolitan Area Network","2.00 / 2","","yes","2.00 / 2","","name","0.00 / 2",""
"2022/11/04 12:59:07 AM PDT","8.00 / 10","ACHOLONU UCHE CHUKWU","-- / 0","","G","-- / 0","","Cloud Server","2.00 / 2","","WAN","2.00 / 2","","Metropolitan Area Network","2.00 / 2","","yes","2.00 / 2","","location","0.00 / 2",""
"2022/11/04 1:00:20 AM PDT","8.00 / 10","Alimole Kamsi Floyd","-- / 0","","G","-- / 0","","Cloud Server","2.00 / 2","","WAN","2.00 / 2","","Metropolitan Area Network","2.00 / 2","","yes","2.00 / 2","","location","0.00 / 2",""
"2022/11/04 1:01:24 AM PDT","8.00 / 10","CHIZINDU ACHIEVER PRINCE","-- / 0","","G","-- / 0","","Cloud Server","2.00 / 2","","WAN","2.00 / 2","","Metropolitan Area Network","2.00 / 2","","yes","2.00 / 2","","location","0.00 / 2",""
"2022/11/04 1:01:30 AM PDT","8.00 / 10","Achese Elliot","-- / 0","","G","-- / 0","","File Server","0.00 / 2","","WAN","2.00 / 2","","Metropolitan Area Network","2.00 / 2","","yes","2.00 / 2","","address","2.00 / 2",""
"2022/11/04 1:01:50 AM PDT","6.00 / 10","OGWUEGBU CHINEMEREM","-- / 0","","G","-- / 0","","Cloud Server","2.00 / 2","","WLAN","0.00 / 2","","Metropolitan Area Network","2.00 / 2","","yes","2.00 / 2","","location","0.00 / 2",""
"2022/11/04 1:01:54 AM PDT","8.00 / 10","MAXWELL MANNIS ADOMAKA","-- / 0","","G","-- / 0","","Cloud Server","2.00 / 2","","WAN","2.00 / 2","","Metropolitan Area Network","2.00 / 2","","no","0.00 / 2","","address","2.00 / 2",""
"2022/11/04 1:04:29 AM PDT","6.00 / 10","inemo biobelemoye .c.","-- / 0","","A","-- / 0","","Cloud Server","2.00 / 2","","WLAN","0.00 / 2","","Mega Area Network","0.00 / 2","","yes","2.00 / 2","","address","2.00 / 2",""
"2022/11/04 1:04:52 AM PDT","8.00 / 10","NDUBUISI CHINECHEREM EMMANUEL","-- / 0","","G","-- / 0","","Cloud Server","2.00 / 2","","WAN","2.00 / 2","","Metropolitan Area Network","2.00 / 2","","yes","2.00 / 2","","name","0.00 / 2",""
"2022/11/04 1:06:45 AM PDT","10.00 / 10","AMADI VICTORY CHITURU","-- / 0","","G","-- / 0","","Cloud Server","2.00 / 2","","WAN","2.00 / 2","","Metropolitan Area Network","2.00 / 2","","yes","2.00 / 2","","address","2.00 / 2",""
"2022/11/04 1:06:48 AM PDT","10.00 / 10","MEMBERR ABIGAIL ISAAC","-- / 0","","G","-- / 0","","Cloud Server","2.00 / 2","","WAN","2.00 / 2","","Metropolitan Area Network","2.00 / 2","","yes","2.00 / 2","","address","2.00 / 2",""
"2022/11/04 1:07:48 AM PDT","2.00 / 10","osinachi anyatonwu","-- / 0","","G","-- / 0","","Cloud Server","2.00 / 2","","MAN","0.00 / 2","","Mega Area Network","0.00 / 2","","maybe","0.00 / 2","","position","0.00 / 2",""
"2022/11/04 1:08:08 AM PDT","8.00 / 10","DAVID EBUBE ","-- / 0","","G","-- / 0","","Cloud Server","2.00 / 2","","WAN","2.00 / 2","","Metropolitan Area Network","2.00 / 2","","yes","2.00 / 2","","location","0.00 / 2",""
"2022/11/04 1:09:40 AM PDT","4.00 / 10","anitaorjinoah","-- / 0","","G","-- / 0","","Cloud Server","2.00 / 2","","LAN","0.00 / 2","","Metropolitan Area Network","2.00 / 2","","no","0.00 / 2","","name","0.00 / 2",""
"2022/11/04 1:09:40 AM PDT","8.00 / 10","TIMOTHY .A. ESTHER.","-- / 0","","G","-- / 0","","Cloud Server","2.00 / 2","","WAN","2.00 / 2","","Mega Area Network","0.00 / 2","","yes","2.00 / 2","","address","2.00 / 2",""
"2022/11/04 1:12:18 AM PDT","10.00 / 10","Desire","-- / 0","","G","-- / 0","","Cloud Server","2.00 / 2","","WAN","2.00 / 2","","Metropolitan Area Network","2.00 / 2","","yes","2.00 / 2","","address","2.00 / 2",""
"2022/11/04 1:12:22 AM PDT","8.00 / 10","Oghenemaro Odafe","-- / 0","","G","-- / 0","","Cloud Server","2.00 / 2","","WAN","2.00 / 2","","Metropolitan Area Network","2.00 / 2","","yes","2.00 / 2","","location","0.00 / 2",""
"2022/11/04 1:12:28 AM PDT","8.00 / 10","TIMOTHY .A. ESTHER.","-- / 0","","G","-- / 0","","Cloud Server","2.00 / 2","","WAN","2.00 / 2","","Mega Area Network","0.00 / 2","","yes","2.00 / 2","","address","2.00 / 2",""
"2022/11/04 1:12:52 AM PDT","6.00 / 10","NNAH SAVIOUR CHINWENDU","-- / 0","","G","-- / 0","","Cloud Server","2.00 / 2","","MAN","0.00 / 2","","Metropolitan Area Network","2.00 / 2","","yes","2.00 / 2","","position","0.00 / 2",""
"2022/11/04 1:13:34 AM PDT","10.00 / 10","UCHENNA FAVOUR EZINNE","-- / 0","","G","-- / 0","","Cloud Server","2.00 / 2","","WAN","2.00 / 2","","Metropolitan Area Network","2.00 / 2","","yes","2.00 / 2","","address","2.00 / 2",""
"2022/11/04 1:14:07 AM PDT","6.00 / 10","NKEMJIKA OMASIRICHI VICTORY","-- / 0","","G","-- / 0","","Cloud Server","2.00 / 2","","WAN","2.00 / 2","","Metro Area Network","0.00 / 2","","no","0.00 / 2","","address","2.00 / 2",""
"2022/11/04 1:15:52 AM PDT","4.00 / 10","`AJIEREN DIVINE","-- / 0","","G","-- / 0","","Email Server","0.00 / 2","","WLAN","0.00 / 2","","Metropolitan Area Network","2.00 / 2","","yes","2.00 / 2","","name","0.00 / 2",""
"2022/11/04 1:16:13 AM PDT","8.00 / 10","afadama catalina","-- / 0","","G","-- / 0","","Cloud Server","2.00 / 2","","WAN","2.00 / 2","","Metropolitan Area Network","2.00 / 2","","yes","2.00 / 2","","location","0.00 / 2",""
"2022/11/04 1:16:15 AM PDT","10.00 / 10","EMMANUEL CHUKWUAZALAM EXCELLENCE","-- / 0","","G","-- / 0","","Cloud Server","2.00 / 2","","WAN","2.00 / 2","","Metropolitan Area Network","2.00 / 2","","yes","2.00 / 2","","address","2.00 / 2",""
"2022/11/04 1:18:19 AM PDT","6.00 / 10","charles sarima","-- / 0","","G","-- / 0","","Cloud Server","2.00 / 2","","WLAN","0.00 / 2","","Metropolitan Area Network","2.00 / 2","","yes","2.00 / 2","","position","0.00 / 2",""
"2022/11/04 1:19:15 AM PDT","8.00 / 10","OBILO  SOCHIKAMSO","-- / 0","","G","-- / 0","","Cloud Server","2.00 / 2","","WAN","2.00 / 2","","Metropolitan Area Network","2.00 / 2","","no","0.00 / 2","","address","2.00 / 2",""
"2022/11/04 1:19:38 AM PDT","10.00 / 10","JOHNSON UCHE-AWAJI","-- / 0","","G","-- / 0","","Cloud Server","2.00 / 2","","WAN","2.00 / 2","","Metropolitan Area Network","2.00 / 2","","yes","2.00 / 2","","address","2.00 / 2",""
"2022/11/04 1:21:23 AM PDT","10.00 / 10","OHAKA FIDEL","-- / 0","","G","-- / 0","","Cloud Server","2.00 / 2","","WAN","2.00 / 2","","Metropolitan Area Network","2.00 / 2","","yes","2.00 / 2","","address","2.00 / 2",""
"2022/11/04 1:22:20 AM PDT","6.00 / 10","NWAFOR OLUA A","-- / 0","","G","-- / 0","","Cloud Server","2.00 / 2","","MAN","0.00 / 2","","Metropolitan Area Network","2.00 / 2","","yes","2.00 / 2","","name","0.00 / 2",""
"2022/11/04 1:22:37 AM PDT","10.00 / 10","CHINEDU WISDOM ONYEKACHI","-- / 0","","G","-- / 0","","Cloud Server","2.00 / 2","","WAN","2.00 / 2","","Metropolitan Area Network","2.00 / 2","","yes","2.00 / 2","","address","2.00 / 2",""
"2022/11/04 1:25:36 AM PDT","8.00 / 10","NDUKA MICHAEL UCHECHUKWU","-- / 0","","G","-- / 0","","Cloud Server","2.00 / 2","","WAN","2.00 / 2","","Metropolitan Area Network","2.00 / 2","","yes","2.00 / 2","","position","0.00 / 2",""
"2022/11/04 1:25:47 AM PDT","8.00 / 10","NNA JOEL","-- / 0","","G","-- / 0","","Cloud Server","2.00 / 2","","WAN","2.00 / 2","","Metropolitan Area Network","2.00 / 2","","yes","2.00 / 2","","location","0.00 / 2",""
"2022/11/04 1:26:22 AM PDT","6.00 / 10","DERICK NDUBISI OKEKA ","-- / 0","","G","-- / 0","","Cloud Server","2.00 / 2","","WAN","2.00 / 2","","Metropolitan Area Network","2.00 / 2","","no","0.00 / 2","","name","0.00 / 2",""
"2022/11/04 1:27:10 AM PDT","8.00 / 10","TAMUNOKURO FIOFORI","-- / 0","","G","-- / 0","","Cloud Server","2.00 / 2","","WAN","2.00 / 2","","Metropolitan Area Network","2.00 / 2","","yes","2.00 / 2","","location","0.00 / 2",""
"2022/11/04 1:28:57 AM PDT","10.00 / 10","IKORDEME GOODNEWS SORBARIKOR","-- / 0","","G","-- / 0","","Cloud Server","2.00 / 2","","WAN","2.00 / 2","","Metropolitan Area Network","2.00 / 2","","yes","2.00 / 2","","address","2.00 / 2",""
"2022/11/04 1:29:05 AM PDT","8.00 / 10","IKEKPEAZU RALUCHUKWU","-- / 0","","G","-- / 0","","Cloud Server","2.00 / 2","","MAN","0.00 / 2","","Metropolitan Area Network","2.00 / 2","","yes","2.00 / 2","","address","2.00 / 2",""
"2022/11/04 1:29:11 AM PDT","4.00 / 10","Ajala Kolawole","-- / 0","","G","-- / 0","","Cloud Server","2.00 / 2","","MAN","0.00 / 2","","Metropolitan Area Network","2.00 / 2","","no","0.00 / 2","","location","0.00 / 2",""
"2022/11/04 1:29:16 AM PDT","4.00 / 10","OKUKU CHILAENWA FAVOUR","-- / 0","","G","-- / 0","","Email Server","0.00 / 2","","MAN","0.00 / 2","","Metropolitan Area Network","2.00 / 2","","yes","2.00 / 2","","name","0.00 / 2",""
"2022/11/04 1:30:18 AM PDT","8.00 / 10","CHUKWURE PRUDENCE .C.","-- / 0","","G","-- / 0","","Cloud Server","2.00 / 2","","WAN","2.00 / 2","","Metropolitan Area Network","2.00 / 2","","yes","2.00 / 2","","position","0.00 / 2",""
"2022/11/04 1:30:18 AM PDT","6.00 / 10","INNOCENT FAVOUR","-- / 0","","G","-- / 0","","Email Server","0.00 / 2","","WLAN","0.00 / 2","","Metropolitan Area Network","2.00 / 2","","yes","2.00 / 2","","address","2.00 / 2",""
"2022/11/04 1:30:23 AM PDT","10.00 / 10","NEEBEE ZUAKA RUTH","-- / 0","","G","-- / 0","","Cloud Server","2.00 / 2","","WAN","2.00 / 2","","Metropolitan Area Network","2.00 / 2","","yes","2.00 / 2","","address","2.00 / 2",""
"2022/11/04 1:31:59 AM PDT","4.00 / 10","OKUKU CHILAENWA FAVOUR","-- / 0","","G","-- / 0","","Email Server","0.00 / 2","","MAN","0.00 / 2","","Metropolitan Area Network","2.00 / 2","","no","0.00 / 2","","address","2.00 / 2",""
"2022/11/04 1:32:17 AM PDT","4.00 / 10","AKPA DAVID","-- / 0","","G","-- / 0","","File Server","0.00 / 2","","MAN","0.00 / 2","","Metropolitan Area Network","2.00 / 2","","yes","2.00 / 2","","location","0.00 / 2",""
"2022/11/04 1:32:25 AM PDT","6.00 / 10","AMAEWHULE MIRABEL","-- / 0","","G","-- / 0","","Cloud Server","2.00 / 2","","MAN","0.00 / 2","","Metropolitan Area Network","2.00 / 2","","yes","2.00 / 2","","location","0.00 / 2",""
"2022/11/04 1:34:26 AM PDT","6.00 / 10","CHINDA PEARL","-- / 0","","G","-- / 0","","Cloud Server","2.00 / 2","","WAN","2.00 / 2","","Metropolitan Area Network","2.00 / 2","","no","0.00 / 2","","name","0.00 / 2",""
"2022/11/04 1:36:05 AM PDT","10.00 / 10","NWACHUKWU ANTHONY CHIRINGO","-- / 0","","G","-- / 0","","Cloud Server","2.00 / 2","","WAN","2.00 / 2","","Metropolitan Area Network","2.00 / 2","","yes","2.00 / 2","","address","2.00 / 2",""
"2022/11/04 4:49:03 AM PDT","10.00 / 10","Edirin Joshua","-- / 0","","B","-- / 0","","Cloud Server","2.00 / 2","","WAN","2.00 / 2","","Metropolitan Area Network","2.00 / 2","","yes","2.00 / 2","","address","2.00 / 2",""
"2022/11/04 4:49:11 AM PDT","6.00 / 10","Ezeanyim henry","-- / 0","","B","-- / 0","","File Server","0.00 / 2","","WAN","2.00 / 2","","Mega Area Network","0.00 / 2","","yes","2.00 / 2","","address","2.00 / 2",""
"2022/11/04 4:49:49 AM PDT","10.00 / 10","Elemowa chibuchi Bernard","-- / 0","","B","-- / 0","","Cloud Server","2.00 / 2","","WAN","2.00 / 2","","Metropolitan Area Network","2.00 / 2","","yes","2.00 / 2","","address","2.00 / 2",""
"2022/11/04 4:50:15 AM PDT","10.00 / 10","INNOCENT FAVOUR","-- / 0","","B","-- / 0","","Cloud Server","2.00 / 2","","WAN","2.00 / 2","","Metropolitan Area Network","2.00 / 2","","yes","2.00 / 2","","address","2.00 / 2",""
"2022/11/04 4:51:31 AM PDT","10.00 / 10","AMADI DARLINGTON CHIDUBEM","-- / 0","","B","-- / 0","","Cloud Server","2.00 / 2","","WAN","2.00 / 2","","Metropolitan Area Network","2.00 / 2","","yes","2.00 / 2","","address","2.00 / 2",""
"2022/11/04 4:53:07 AM PDT","8.00 / 10","Martins Victor","-- / 0","","B","-- / 0","","Email Server","0.00 / 2","","WAN","2.00 / 2","","Metropolitan Area Network","2.00 / 2","","yes","2.00 / 2","","address","2.00 / 2",""
"2022/11/04 4:55:06 AM PDT","4.00 / 10","agaji promise","-- / 0","","B","-- / 0","","Email Server","0.00 / 2","","WAN","2.00 / 2","","Mega Area Network","0.00 / 2","","yes","2.00 / 2","","location","0.00 / 2",""
"2022/11/04 4:56:55 AM PDT","6.00 / 10","SALAMI OLUWA TOSIN","-- / 0","","B","-- / 0","","Cloud Server","2.00 / 2","","WLAN","0.00 / 2","","Metropolitan Area Network","2.00 / 2","","yes","2.00 / 2","","location","0.00 / 2",""
"2022/11/04 4:57:45 AM PDT","10.00 / 10","chuku favour","-- / 0","","B","-- / 0","","Cloud Server","2.00 / 2","","WAN","2.00 / 2","","Metropolitan Area Network","2.00 / 2","","yes","2.00 / 2","","address","2.00 / 2",""
"2022/11/04 4:57:52 AM PDT","4.00 / 10","Albright","-- / 0","","B","-- / 0","","File Server","0.00 / 2","","WAN","2.00 / 2","","Metro Area Network","0.00 / 2","","maybe","0.00 / 2","","address","2.00 / 2",""
"2022/11/04 5:00:04 AM PDT","10.00 / 10","Chukwuemeka Kamsiyochukwu F","-- / 0","","B","-- / 0","","Cloud Server","2.00 / 2","","WAN","2.00 / 2","","Metropolitan Area Network","2.00 / 2","","yes","2.00 / 2","","address","2.00 / 2",""
"2022/11/04 5:00:06 AM PDT","2.00 / 10","IBE OLUEBUBE REGAN","-- / 0","","B","-- / 0","","Web Server","0.00 / 2","","LAN","0.00 / 2","","Metro Area Network","0.00 / 2","","yes","2.00 / 2","","name","0.00 / 2",""
"2022/11/04 5:00:37 AM PDT","8.00 / 10","AJIE CHIDIOKA HOMASOM","-- / 0","","B","-- / 0","","Cloud Server","2.00 / 2","","WAN","2.00 / 2","","Metropolitan Area Network","2.00 / 2","","no","0.00 / 2","","address","2.00 / 2",""
"2022/11/04 5:02:21 AM PDT","10.00 / 10","HORSFALL ANABEL","-- / 0","","B","-- / 0","","Cloud Server","2.00 / 2","","WAN","2.00 / 2","","Metropolitan Area Network","2.00 / 2","","yes","2.00 / 2","","address","2.00 / 2",""
"2022/11/04 5:03:40 AM PDT","8.00 / 10","neebee mondayb","-- / 0","","H","-- / 0","","Cloud Server","2.00 / 2","","WAN","2.00 / 2","","Metro Area Network","0.00 / 2","","yes","2.00 / 2","","address","2.00 / 2",""
"2022/11/04 5:04:41 AM PDT","10.00 / 10","Nwokoro Chigozirim Ezinne","-- / 0","","B","-- / 0","","Cloud Server","2.00 / 2","","WAN","2.00 / 2","","Metropolitan Area Network","2.00 / 2","","yes","2.00 / 2","","address","2.00 / 2",""
"2022/11/04 5:05:26 AM PDT","4.00 / 10","Iwenofu Emmanuella","-- / 0","","B","-- / 0","","Cloud Server","2.00 / 2","","WLAN","0.00 / 2","","None","0.00 / 2","","maybe","0.00 / 2","","address","2.00 / 2",""
"2022/11/04 5:07:29 AM PDT","10.00 / 10","ekong jimmy treasure","-- / 0","","B","-- / 0","","Cloud Server","2.00 / 2","","WAN","2.00 / 2","","Metropolitan Area Network","2.00 / 2","","yes","2.00 / 2","","address","2.00 / 2",""
"2022/11/04 5:07:48 AM PDT","10.00 / 10","EKE VICTOR JANE T","-- / 0","","B","-- / 0","","Cloud Server","2.00 / 2","","WAN","2.00 / 2","","Metropolitan Area Network","2.00 / 2","","yes","2.00 / 2","","address","2.00 / 2",""
"2022/11/04 5:08:22 AM PDT","8.00 / 10","JOHN GODWIN JEZREEL","-- / 0","","B","-- / 0","","Cloud Server","2.00 / 2","","MAN","0.00 / 2","","Metropolitan Area Network","2.00 / 2","","yes","2.00 / 2","","address","2.00 / 2",""
"2022/11/04 5:09:18 AM PDT","2.00 / 10","GODSWILL CHINEDU","-- / 0","","B","-- / 0","","Email Server","0.00 / 2","","WLAN","0.00 / 2","","Metropolitan Area Network","2.00 / 2","","no","0.00 / 2","","location","0.00 / 2",""
"2022/11/04 5:09:48 AM PDT","8.00 / 10","Awolo Oghene rovieno","-- / 0","","B","-- / 0","","Cloud Server","2.00 / 2","","MAN","0.00 / 2","","Metropolitan Area Network","2.00 / 2","","yes","2.00 / 2","","address","2.00 / 2",""
"2022/11/04 5:11:16 AM PDT","6.00 / 10","OKEKE CHINEDU SOLOMON","-- / 0","","B","-- / 0","","Cloud Server","2.00 / 2","","MAN","0.00 / 2","","Metropolitan Area Network","2.00 / 2","","yes","2.00 / 2","","location","0.00 / 2",""
"2022/11/04 5:12:50 AM PDT","10.00 / 10","Donatus shedrack barituaka","-- / 0","","B","-- / 0","","Cloud Server","2.00 / 2","","WAN","2.00 / 2","","Metropolitan Area Network","2.00 / 2","","yes","2.00 / 2","","address","2.00 / 2",""
"2022/11/04 5:13:26 AM PDT","8.00 / 10","OBINNA DIANE ADAOBI","-- / 0","","B","-- / 0","","Cloud Server","2.00 / 2","","LAN","0.00 / 2","","Metropolitan Area Network","2.00 / 2","","yes","2.00 / 2","","address","2.00 / 2",""
"2022/11/04 5:13:32 AM PDT","10.00 / 10","UKPAI THOMAS DANIELE ","-- / 0","","B","-- / 0","","Cloud Server","2.00 / 2","","WAN","2.00 / 2","","Metropolitan Area Network","2.00 / 2","","yes","2.00 / 2","","address","2.00 / 2",""
"2022/11/04 5:14:37 AM PDT","8.00 / 10","MADUAGWU CHIAMARA SAMEULLA","-- / 0","","B","-- / 0","","Cloud Server","2.00 / 2","","WAN","2.00 / 2","","Metro Area Network","0.00 / 2","","yes","2.00 / 2","","address","2.00 / 2",""
"2022/11/04 5:14:58 AM PDT","10.00 / 10","ANERO NNAMDI GRACE C","-- / 0","","B","-- / 0","","Cloud Server","2.00 / 2","","WAN","2.00 / 2","","Metropolitan Area Network","2.00 / 2","","yes","2.00 / 2","","address","2.00 / 2",""
"2022/11/04 5:15:41 AM PDT","10.00 / 10","OHAJI-RAPHAEL JOY","-- / 0","","B","-- / 0","","Cloud Server","2.00 / 2","","WAN","2.00 / 2","","Metropolitan Area Network","2.00 / 2","","yes","2.00 / 2","","address","2.00 / 2",""
"2022/11/04 5:18:22 AM PDT","10.00 / 10","Iwejoh Goodness Ifeoma","-- / 0","","A","-- / 0","","Cloud Server","2.00 / 2","","WAN","2.00 / 2","","Metropolitan Area Network","2.00 / 2","","yes","2.00 / 2","","address","2.00 / 2",""
"2022/11/04 5:18:36 AM PDT","8.00 / 10","ADEYEMO ENIOLA BENJAMIN","-- / 0","","B","-- / 0","","Cloud Server","2.00 / 2","","LAN","0.00 / 2","","Metropolitan Area Network","2.00 / 2","","yes","2.00 / 2","","address","2.00 / 2",""
"2022/11/04 5:21:34 AM PDT","8.00 / 10","ADEREMI INIOLUWA","-- / 0","","B","-- / 0","","Cloud Server","2.00 / 2","","WAN","2.00 / 2","","Metropolitan Area Network","2.00 / 2","","yes","2.00 / 2","","location","0.00 / 2",""
"2022/11/04 5:41:29 AM PDT","10.00 / 10","NWABUEZE VICTORY","-- / 0","","K","-- / 0","","Cloud Server","2.00 / 2","","WAN","2.00 / 2","","Metropolitan Area Network","2.00 / 2","","yes","2.00 / 2","","address","2.00 / 2",""
"2022/11/04 5:45:51 AM PDT","8.00 / 10","KENNETH OMENOGOR KENNETH","-- / 0","","H","-- / 0","","Cloud Server","2.00 / 2","","WAN","2.00 / 2","","Metropolitan Area Network","2.00 / 2","","yes","2.00 / 2","","location","0.00 / 2",""
"2022/11/04 5:47:02 AM PDT","4.00 / 10","Tadjein Danielson","-- / 0","","C","-- / 0","","Cloud Server","2.00 / 2","","WAN","2.00 / 2","","None","0.00 / 2","","no","0.00 / 2","","location","0.00 / 2",""
"2022/11/04 5:50:34 AM PDT","6.00 / 10","TADJIEN DANIELSON","-- / 0","","C","-- / 0","","Cloud Server","2.00 / 2","","WLAN","0.00 / 2","","Metropolitan Area Network","2.00 / 2","","yes","2.00 / 2","","location","0.00 / 2",""
"2022/11/04 6:16:54 AM PDT","10.00 / 10","Akelemor Benita","-- / 0","","C","-- / 0","","Cloud Server","2.00 / 2","","WAN","2.00 / 2","","Metropolitan Area Network","2.00 / 2","","yes","2.00 / 2","","address","2.00 / 2",""
"2022/11/04 6:20:49 AM PDT","10.00 / 10","Lioel Menyuah Chibundo","-- / 0","","C","-- / 0","","Cloud Server","2.00 / 2","","WAN","2.00 / 2","","Metropolitan Area Network","2.00 / 2","","yes","2.00 / 2","","address","2.00 / 2",""
"2022/11/04 6:22:23 AM PDT","10.00 / 10","Louis Onyinyechi Precious","-- / 0","","C","-- / 0","","Cloud Server","2.00 / 2","","WAN","2.00 / 2","","Metropolitan Area Network","2.00 / 2","","yes","2.00 / 2","","address","2.00 / 2",""