"Timestamp","Total score","Name","Name [Score]","Name [Feedback]","ARM","ARM [Score]","ARM [Feedback]","Which function will i use to convert 5 to ""5""","Which function will i use to convert 5 to ""5"" [Score]","Which function will i use to convert 5 to ""5"" [Feedback]","Which of the following is not a built-in variable data type","Which of the following is not a built-in variable data type [Score]","Which of the following is not a built-in variable data type [Feedback]","What is the output of the python code below
print(""hello ""+""world"")","What is the output of the python code below
print(""hello ""+""world"") [Score]","What is the output of the python code below
print(""hello ""+""world"") [Feedback]","Select all the invalid variables","Select all the invalid variables [Score]","Select all the invalid variables [Feedback]","What is the output of the code
students = 9
teachers = 3
classes = students/3","What is the output of the code
students = 9
teachers = 3
classes = students/3 [Score]","What is the output of the code
students = 9
teachers = 3
classes = students/3 [Feedback]"
"2022/11/03 4:02:35 AM PDT","0.00 / 10","Ifedinkor kamsiyochi vanessa","-- / 0","","A","-- / 0","","float()","0.00 / 2","","tuple","0.00 / 2","","""hello world""","0.00 / 2","","yield = 20000;nY = 2 * 2;plants = 2000","0.00 / 2","","3","0.00 / 2",""
"2022/11/03 4:02:43 AM PDT","2.00 / 10","chukwu gift ","-- / 0","","A","-- / 0","","str()","2.00 / 2","","list","0.00 / 2","","""hello world""","0.00 / 2","","yield = 20000;x = 3;plants = 2000","0.00 / 2","","3","0.00 / 2",""
"2022/11/03 4:04:04 AM PDT","0.00 / 10","Ajiero Remi Ugochukwu","-- / 0","","A","-- / 0","","float()","0.00 / 2","","tuple","0.00 / 2","","""hello world""","0.00 / 2","","x = 3","0.00 / 2","","error","0.00 / 2",""
"2022/11/03 4:05:19 AM PDT","6.00 / 10","ISRAEL SAMUEL CHIGOZIRIM","-- / 0","","A","-- / 0","","str()","2.00 / 2","","tuple","0.00 / 2","","hello world","2.00 / 2","","yield = 20000","2.00 / 2","","3","0.00 / 2",""
"2022/11/03 4:07:56 AM PDT","0.00 / 10","Baribor Blessing Kilsi","-- / 0","","A","-- / 0","","int()","0.00 / 2","","tuple","0.00 / 2","","syntax error!","0.00 / 2","","plants = 2000;yield = 20000;nY = 2 * 2","0.00 / 2","","3.0","0.00 / 2",""
"2022/11/03 4:10:02 AM PDT","2.00 / 10","Benjamin Chikadibia","-- / 0","","A","-- / 0","","str()","2.00 / 2","","list","0.00 / 2","","""hello world""","0.00 / 2","","plants = 2000","0.00 / 2","","3.0","0.00 / 2",""
"2022/11/03 4:10:25 AM PDT","2.00 / 10","Chibuike-Samuel Amarachi Victory","-- / 0","","A","-- / 0","","none","0.00 / 2","","tuple","0.00 / 2","","hello world","2.00 / 2","","plants = 2000","0.00 / 2","","3","0.00 / 2",""
"2022/11/03 4:10:36 AM PDT","2.00 / 10","Folorunsho David oliseh","-- / 0","","A","-- / 0","","float()","0.00 / 2","","list","0.00 / 2","","syntax error!","0.00 / 2","","nY = 2 * 2","0.00 / 2","","none","2.00 / 2",""
"2022/11/03 4:15:23 AM PDT","0.00 / 10","EGBUJOR VIVIAN.C","-- / 0","","A","-- / 0","","int()","0.00 / 2","","tuple","0.00 / 2","","""hello world""","0.00 / 2","","nY = 2 * 2","0.00 / 2","","error","0.00 / 2",""
"2022/11/03 4:18:41 AM PDT","0.00 / 10","Oparaodu Derek","-- / 0","","A","-- / 0","","int()","0.00 / 2","","list","0.00 / 2","","hello"" ""world","0.00 / 2","","nY = 2 * 2","0.00 / 2","","3.0","0.00 / 2",""
"2022/11/03 4:22:39 AM PDT","0.00 / 10","AGBANYE ESTHER CHINENYENWA","-- / 0","","A","-- / 0","","int()","0.00 / 2","","tuple","0.00 / 2","","""hello world""","0.00 / 2","","plants = 2000","0.00 / 2","","3.0","0.00 / 2",""
"2022/11/03 4:23:10 AM PDT","0.00 / 10","ACHALU CHIAGOZIEM","-- / 0","","A","-- / 0","","none","0.00 / 2","","list","0.00 / 2","","""hello world""","0.00 / 2","","nY = 2 * 2;x = 3","0.00 / 2","","3","0.00 / 2",""
"2022/11/03 4:25:31 AM PDT","0.00 / 10","OGBONDA DAVID","-- / 0","","A","-- / 0","","none","0.00 / 2","","list","0.00 / 2","","""hello world""","0.00 / 2","","nY = 2 * 2","0.00 / 2","","3","0.00 / 2",""
"2022/11/03 4:26:01 AM PDT","0.00 / 10","Edewor Erhigare Mary","-- / 0","","A","-- / 0","","int()","0.00 / 2","","tuple","0.00 / 2","","""hello world""","0.00 / 2","","x = 3;yield = 20000;plants = 2000","0.00 / 2","","3.0","0.00 / 2",""
"2022/11/03 4:26:39 AM PDT","2.00 / 10","Folorunsho David oliseh","-- / 0","","A","-- / 0","","float()","0.00 / 2","","list","0.00 / 2","","syntax error!","0.00 / 2","","nY = 2 * 2","0.00 / 2","","none","2.00 / 2",""
"2022/11/03 4:27:07 AM PDT","2.00 / 10","Folorunsho David oliseh","-- / 0","","A","-- / 0","","float()","0.00 / 2","","list","0.00 / 2","","syntax error!","0.00 / 2","","nY = 2 * 2","0.00 / 2","","none","2.00 / 2",""
"2022/11/03 4:27:58 AM PDT","0.00 / 10","fadirepo samuel julius","-- / 0","","A","-- / 0","","float()","0.00 / 2","","tuple","0.00 / 2","","syntax error!","0.00 / 2","","nY = 2 * 2","0.00 / 2","","3","0.00 / 2",""
"2022/11/03 4:28:58 AM PDT","0.00 / 10","NWOKOGBA NGOZI","-- / 0","","A","-- / 0","","int()","0.00 / 2","","float","0.00 / 2","","""hello world""","0.00 / 2","","nY = 2 * 2","0.00 / 2","","3.0","0.00 / 2",""
"2022/11/03 4:29:11 AM PDT","2.00 / 10","GABRIEL AYOOLA LAMIDI","-- / 0","","A","-- / 0","","none","0.00 / 2","","print","2.00 / 2","","""hello world""","0.00 / 2","","plants = 2000","0.00 / 2","","error","0.00 / 2",""
"2022/11/03 4:30:50 AM PDT","2.00 / 10","AKINWALE PEACE","-- / 0","","A","-- / 0","","str()","2.00 / 2","","tuple","0.00 / 2","","""hello world""","0.00 / 2","","plants = 2000;x = 3","0.00 / 2","","error","0.00 / 2",""
"2022/11/03 4:33:20 AM PDT","10.00 / 10","OGANNO EMMANUEL","-- / 0","","A","-- / 0","","str()","2.00 / 2","","print","2.00 / 2","","hello world","2.00 / 2","","yield = 20000","2.00 / 2","","none","2.00 / 2",""
"2022/11/03 4:33:41 AM PDT","4.00 / 10","Etim Stephanie","-- / 0","","A","-- / 0","","str()","2.00 / 2","","list","0.00 / 2","","hello world","2.00 / 2","","x = 3;plants = 2000;yield = 20000","0.00 / 2","","error","0.00 / 2",""
"2022/11/03 4:34:27 AM PDT","2.00 / 10","OMAMUZO ELOVIANO","-- / 0","","A","-- / 0","","str()","2.00 / 2","","tuple","0.00 / 2","","syntax error!","0.00 / 2","","nY = 2 * 2;yield = 20000","0.00 / 2","","3","0.00 / 2",""
"2022/11/03 4:35:10 AM PDT","4.00 / 10","ISA AHMAD                  ","-- / 0","","A","-- / 0","","str()","2.00 / 2","","list","0.00 / 2","","hello world","2.00 / 2","","nY = 2 * 2","0.00 / 2","","error","0.00 / 2",""
"2022/11/03 4:35:10 AM PDT","0.00 / 10","Omonode Isabella","-- / 0","","A","-- / 0","","int()","0.00 / 2","","list","0.00 / 2","","""hello world""","0.00 / 2","","x = 3","0.00 / 2","","3.0","0.00 / 2",""
"2022/11/03 4:36:22 AM PDT","0.00 / 10","Emmanuel michael","-- / 0","","A","-- / 0","","int()","0.00 / 2","","list","0.00 / 2","","""hello world""","0.00 / 2","","x = 3;plants = 2000;yield = 20000","0.00 / 2","","3","0.00 / 2",""
"2022/11/03 4:37:10 AM PDT","2.00 / 10","Uchenna Chinedu Jerry","-- / 0","","A","-- / 0","","str()","2.00 / 2","","tuple","0.00 / 2","","""hello world""","0.00 / 2","","nY = 2 * 2","0.00 / 2","","error","0.00 / 2",""
"2022/11/03 4:37:54 AM PDT","2.00 / 10","ISOLA OLANREWAJU O","-- / 0","","A","-- / 0","","float()","0.00 / 2","","list","0.00 / 2","","""hello world""","0.00 / 2","","x = 3","0.00 / 2","","none","2.00 / 2",""
"2022/11/03 4:38:56 AM PDT","2.00 / 10","AJIBADE OLUWATOSIN","-- / 0","","A","-- / 0","","int()","0.00 / 2","","list","0.00 / 2","","""hello world""","0.00 / 2","","yield = 20000","2.00 / 2","","3","0.00 / 2",""
"2022/11/03 4:38:58 AM PDT","10.00 / 10","Uchenna Chinedu Jerry","-- / 0","","A","-- / 0","","str()","2.00 / 2","","print","2.00 / 2","","hello world","2.00 / 2","","yield = 20000","2.00 / 2","","none","2.00 / 2",""
"2022/11/03 4:39:15 AM PDT","2.00 / 10","Ndu chioma unique","-- / 0","","A","-- / 0","","none","0.00 / 2","","list","0.00 / 2","","hello world","2.00 / 2","","nY = 2 * 2","0.00 / 2","","3.0","0.00 / 2",""
"2022/11/03 4:41:09 AM PDT","2.00 / 10","oluobuah john ","-- / 0","","A","-- / 0","","float()","0.00 / 2","","tuple","0.00 / 2","","""hello world""","0.00 / 2","","nY = 2 * 2","0.00 / 2","","none","2.00 / 2",""
"2022/11/03 4:42:56 AM PDT","0.00 / 10","IYERE-SOLOMON EMEKA","-- / 0","","A","-- / 0","","none","0.00 / 2","","tuple","0.00 / 2","","""hello world""","0.00 / 2","","nY = 2 * 2","0.00 / 2","","3","0.00 / 2",""
"2022/11/03 4:43:05 AM PDT","2.00 / 10","AJIBADE OLUWATOSIN","-- / 0","","A","-- / 0","","int()","0.00 / 2","","list","0.00 / 2","","""hello world""","0.00 / 2","","yield = 20000","2.00 / 2","","3","0.00 / 2",""
"2022/11/03 4:44:27 AM PDT","2.00 / 10","PETERS EXCEL","-- / 0","","A","-- / 0","","str()","2.00 / 2","","tuple","0.00 / 2","","""hello world""","0.00 / 2","","nY = 2 * 2","0.00 / 2","","3","0.00 / 2",""
"2022/11/03 4:44:30 AM PDT","6.00 / 10","Ekine samuel","-- / 0","","A","-- / 0","","none","0.00 / 2","","print","2.00 / 2","","hello world","2.00 / 2","","yield = 20000","2.00 / 2","","3.0","0.00 / 2",""
"2022/11/03 4:46:35 AM PDT","0.00 / 10","Obiajuru Prosper Ifeanyichukwu","-- / 0","","A","-- / 0","","int()","0.00 / 2","","tuple","0.00 / 2","","""hello world""","0.00 / 2","","plants = 2000","0.00 / 2","","3","0.00 / 2",""
"2022/11/03 4:46:46 AM PDT","2.00 / 10","Nwafor Nchedo Royce","-- / 0","","A","-- / 0","","str()","2.00 / 2","","list","0.00 / 2","","""hello world""","0.00 / 2","","nY = 2 * 2;x = 3","0.00 / 2","","3","0.00 / 2",""
"2022/11/03 4:46:59 AM PDT","0.00 / 10","EDI-LONDON MARVELOUS ","-- / 0","","A","-- / 0","","float()","0.00 / 2","","tuple","0.00 / 2","","hello"" ""world","0.00 / 2","","x = 3","0.00 / 2","","3.0","0.00 / 2",""
"2022/11/03 4:48:43 AM PDT","2.00 / 10","OLATEJU TEMITOPE","-- / 0","","A","-- / 0","","float()","0.00 / 2","","print","2.00 / 2","","""hello world""","0.00 / 2","","yield = 20000;plants = 2000;x = 3","0.00 / 2","","error","0.00 / 2",""
"2022/11/03 4:50:16 AM PDT","2.00 / 10","Ogubio Prosper Nnamdi","-- / 0","","A","-- / 0","","str()","2.00 / 2","","tuple","0.00 / 2","","""hello world""","0.00 / 2","","nY = 2 * 2","0.00 / 2","","3.0","0.00 / 2",""
"2022/11/03 5:08:52 AM PDT","4.00 / 10","Igwe David","-- / 0","","J","-- / 0","","float()","0.00 / 2","","print","2.00 / 2","","hello world","2.00 / 2","","nY = 2 * 2","0.00 / 2","","3","0.00 / 2",""
"2022/11/03 5:09:36 AM PDT","0.00 / 10","SOLO-MAJOR Selemi Achiever","-- / 0","","J","-- / 0","","float()","0.00 / 2","","list","0.00 / 2","","""hello world""","0.00 / 2","","nY = 2 * 2","0.00 / 2","","3","0.00 / 2",""
"2022/11/03 5:10:13 AM PDT","2.00 / 10","metu onyeka david","-- / 0","","J","-- / 0","","int()","0.00 / 2","","print","2.00 / 2","","""hello world""","0.00 / 2","","nY = 2 * 2","0.00 / 2","","3.0","0.00 / 2",""
"2022/11/03 5:12:16 AM PDT","0.00 / 10","NZE CHINEDU","-- / 0","","J","-- / 0","","none","0.00 / 2","","list","0.00 / 2","","""hello world""","0.00 / 2","","plants = 2000;yield = 20000;x = 3","0.00 / 2","","3","0.00 / 2",""
"2022/11/03 5:14:39 AM PDT","4.00 / 10","JOHN KENNEDY CHIMAOBIM GODSDESIRE","-- / 0","","J","-- / 0","","str()","2.00 / 2","","tuple","0.00 / 2","","hello world","2.00 / 2","","nY = 2 * 2","0.00 / 2","","3","0.00 / 2",""
"2022/11/03 5:25:53 AM PDT","0.00 / 10","nze chinedu emmanuel","-- / 0","","J","-- / 0","","float()","0.00 / 2","","list","0.00 / 2","","""hello world""","0.00 / 2","","nY = 2 * 2;plants = 2000;yield = 20000","0.00 / 2","","3.0","0.00 / 2",""
"2022/11/03 5:30:45 AM PDT","2.00 / 10","Nelson Moseph","-- / 0","","J","-- / 0","","str()","2.00 / 2","","tuple","0.00 / 2","","""hello world""","0.00 / 2","","nY = 2 * 2","0.00 / 2","","3","0.00 / 2",""
"2022/11/03 5:31:49 AM PDT","0.00 / 10","Umoru david onofa","-- / 0","","J","-- / 0","","int()","0.00 / 2","","float","0.00 / 2","","""hello world""","0.00 / 2","","nY = 2 * 2","0.00 / 2","","3.0","0.00 / 2",""
"2022/11/03 5:31:59 AM PDT","2.00 / 10","Emamuzo-Omu Solomon .O.","-- / 0","","J","-- / 0","","none","0.00 / 2","","tuple","0.00 / 2","","hello world","2.00 / 2","","nY = 2 * 2","0.00 / 2","","3","0.00 / 2",""
"2022/11/03 5:37:17 AM PDT","0.00 / 10","EZI BUSOR EZIOMA","-- / 0","","J","-- / 0","","float()","0.00 / 2","","list","0.00 / 2","","""hello world""","0.00 / 2","","yield = 20000;plants = 2000;x = 3","0.00 / 2","","3","0.00 / 2",""
"2022/11/03 5:40:25 AM PDT","4.00 / 10","Edada Eleora Eseoghene","-- / 0","","J","-- / 0","","str()","2.00 / 2","","list","0.00 / 2","","hello world","2.00 / 2","","nY = 2 * 2","0.00 / 2","","3","0.00 / 2",""
"2022/11/03 5:40:56 AM PDT","4.00 / 10","AUGUSTINE  TREASURE  CHIZARAM","-- / 0","","J","-- / 0","","str()","2.00 / 2","","print","2.00 / 2","","""hello world""","0.00 / 2","","plants = 2000;yield = 20000;x = 3","0.00 / 2","","3.0","0.00 / 2",""
"2022/11/03 5:42:51 AM PDT","2.00 / 10","Suleman Taofeeq Temitope","-- / 0","","J","-- / 0","","int()","0.00 / 2","","print","2.00 / 2","","""hello world""","0.00 / 2","","nY = 2 * 2","0.00 / 2","","3","0.00 / 2",""
"2022/11/03 5:43:31 AM PDT","4.00 / 10","OSITA TERRY","-- / 0","","J","-- / 0","","str()","2.00 / 2","","float","0.00 / 2","","hello world","2.00 / 2","","nY = 2 * 2","0.00 / 2","","3","0.00 / 2",""
"2022/11/03 5:43:49 AM PDT","2.00 / 10","Olawuni Temiayo Joseph","-- / 0","","J","-- / 0","","int()","0.00 / 2","","print","2.00 / 2","","syntax error!","0.00 / 2","","nY = 2 * 2","0.00 / 2","","3","0.00 / 2",""
"2022/11/03 5:45:10 AM PDT","0.00 / 10","UZOMA CHIGOZIRIM DAVID","-- / 0","","J","-- / 0","","float()","0.00 / 2","","list","0.00 / 2","","""hello world""","0.00 / 2","","yield = 20000;plants = 2000","0.00 / 2","","error","0.00 / 2",""
"2022/11/03 5:48:01 AM PDT","2.00 / 10","ANYYAWA TESTIMONY RUHUOMA","-- / 0","","J","-- / 0","","float()","0.00 / 2","","print","2.00 / 2","","""hello world""","0.00 / 2","","x = 3","0.00 / 2","","error","0.00 / 2",""
"2022/11/03 5:48:47 AM PDT","4.00 / 10","CHUKWUKA RICHARD","-- / 0","","J","-- / 0","","int()","0.00 / 2","","print","2.00 / 2","","hello world","2.00 / 2","","x = 3","0.00 / 2","","3.0","0.00 / 2",""
"2022/11/03 5:49:41 AM PDT","10.00 / 10","Tonye West Soala","-- / 0","","J","-- / 0","","str()","2.00 / 2","","print","2.00 / 2","","hello world","2.00 / 2","","yield = 20000","2.00 / 2","","none","2.00 / 2",""
"2022/11/03 5:51:14 AM PDT","4.00 / 10","OBERA ISRAEL OJOCHEGBE","-- / 0","","J","-- / 0","","int()","0.00 / 2","","print","2.00 / 2","","hello world","2.00 / 2","","nY = 2 * 2","0.00 / 2","","3","0.00 / 2",""
"2022/11/03 5:51:36 AM PDT","6.00 / 10","isola  Aanuoluwa","-- / 0","","J","-- / 0","","str()","2.00 / 2","","print","2.00 / 2","","hello"" ""world","0.00 / 2","","nY = 2 * 2;plants = 2000;yield = 20000","0.00 / 2","","none","2.00 / 2",""
"2022/11/03 5:51:49 AM PDT","2.00 / 10","NNAH GOD'S FAVOUR USEN","-- / 0","","J","-- / 0","","int()","0.00 / 2","","print","2.00 / 2","","syntax error!","0.00 / 2","","yield = 20000;plants = 2000","0.00 / 2","","3","0.00 / 2",""
"2022/11/03 5:52:26 AM PDT","4.00 / 10","okafor samuel chiadika","-- / 0","","J","-- / 0","","str()","2.00 / 2","","tuple","0.00 / 2","","syntax error!","0.00 / 2","","nY = 2 * 2","0.00 / 2","","none","2.00 / 2",""
"2022/11/03 5:53:08 AM PDT","2.00 / 10","ADIEZE OLACHI CHISIMCHIA","-- / 0","","J","-- / 0","","none","0.00 / 2","","print","2.00 / 2","","""hello world""","0.00 / 2","","nY = 2 * 2","0.00 / 2","","3","0.00 / 2",""
"2022/11/03 5:55:02 AM PDT","2.00 / 10","Ayodele Godgift Oluwabunmi","-- / 0","","J","-- / 0","","none","0.00 / 2","","list","0.00 / 2","","hello world","2.00 / 2","","plants = 2000;yield = 20000;x = 3","0.00 / 2","","3","0.00 / 2",""
"2022/11/03 5:56:40 AM PDT","4.00 / 10","chidera","-- / 0","","J","-- / 0","","int()","0.00 / 2","","print","2.00 / 2","","hello world","2.00 / 2","","x = 3","0.00 / 2","","3.0","0.00 / 2",""
"2022/11/03 5:56:41 AM PDT","4.00 / 10","Wokhe Blesed","-- / 0","","J","-- / 0","","str()","2.00 / 2","","print","2.00 / 2","","""hello world""","0.00 / 2","","nY = 2 * 2","0.00 / 2","","3.0","0.00 / 2",""
"2022/11/03 5:56:53 AM PDT","2.00 / 10","Adeleke Katherine","-- / 0","","J","-- / 0","","str()","2.00 / 2","","tuple","0.00 / 2","","syntax error!","0.00 / 2","","nY = 2 * 2;x = 3","0.00 / 2","","3","0.00 / 2",""
"2022/11/03 5:57:28 AM PDT","0.00 / 10","CHISOM CHUKWUMA","-- / 0","","J","-- / 0","","int()","0.00 / 2","","tuple","0.00 / 2","","""hello world""","0.00 / 2","","nY = 2 * 2","0.00 / 2","","3","0.00 / 2",""
"2022/11/03 5:59:00 AM PDT","2.00 / 10","EMMANUEL ADAEZE HELEN","-- / 0","","J","-- / 0","","int()","0.00 / 2","","print","2.00 / 2","","""hello world""","0.00 / 2","","nY = 2 * 2","0.00 / 2","","3","0.00 / 2",""
"2022/11/03 6:00:45 AM PDT","2.00 / 10","Ilekhomon Triumph Peterson","-- / 0","","J","-- / 0","","none","0.00 / 2","","tuple","0.00 / 2","","""hello world""","0.00 / 2","","nY = 2 * 2","0.00 / 2","","none","2.00 / 2",""
"2022/11/03 6:00:57 AM PDT","2.00 / 10","Ilekhomon Triumph Peterson","-- / 0","","J","-- / 0","","none","0.00 / 2","","tuple","0.00 / 2","","""hello world""","0.00 / 2","","nY = 2 * 2","0.00 / 2","","none","2.00 / 2",""
"2022/11/03 6:01:17 AM PDT","4.00 / 10","Loving  Triumph Ozenhekachi","-- / 0","","J","-- / 0","","str()","2.00 / 2","","tuple","0.00 / 2","","hello world","2.00 / 2","","nY = 2 * 2","0.00 / 2","","3","0.00 / 2",""
"2022/11/03 6:02:26 AM PDT","6.00 / 10","AHANUONU DESTINY","-- / 0","","J","-- / 0","","str()","2.00 / 2","","print","2.00 / 2","","hello world","2.00 / 2","","x = 3;plants = 2000;yield = 20000","0.00 / 2","","error","0.00 / 2",""
"2022/11/03 6:02:59 AM PDT","4.00 / 10","David Ighoruemu","-- / 0","","J","-- / 0","","float()","0.00 / 2","","print","2.00 / 2","","hello world","2.00 / 2","","plants = 2000","0.00 / 2","","3","0.00 / 2",""
"2022/11/03 6:04:51 AM PDT","2.00 / 10","chukwuma chisom","-- / 0","","J","-- / 0","","none","0.00 / 2","","float","0.00 / 2","","hello world","2.00 / 2","","x = 3","0.00 / 2","","3.0","0.00 / 2",""
"2022/11/03 6:06:24 AM PDT","6.00 / 10","Enwelim Tochukwu Francis","-- / 0","","J","-- / 0","","none","0.00 / 2","","print","2.00 / 2","","hello world","2.00 / 2","","nY = 2 * 2","0.00 / 2","","none","2.00 / 2",""
"2022/11/03 6:06:54 AM PDT","0.00 / 10","OKONKWO NANCY CHINAZA","-- / 0","","J","-- / 0","","int()","0.00 / 2","","list","0.00 / 2","","""hello world""","0.00 / 2","","nY = 2 * 2","0.00 / 2","","3.0","0.00 / 2",""
"2022/11/04 1:46:39 AM PDT","6.00 / 10","CHUKS NDULOR CHINENYE","-- / 0","","G","-- / 0","","str()","2.00 / 2","","tuple","0.00 / 2","","hello world","2.00 / 2","","yield = 20000","2.00 / 2","","3","0.00 / 2",""
"2022/11/04 1:49:20 AM PDT","4.00 / 10","Otuyelu Oreoluwa","-- / 0","","G","-- / 0","","str()","2.00 / 2","","print","2.00 / 2","","""hello world""","0.00 / 2","","nY = 2 * 2","0.00 / 2","","3","0.00 / 2",""
"2022/11/04 1:49:35 AM PDT","2.00 / 10","OHAEGBULE NNEOMA","-- / 0","","G","-- / 0","","str()","2.00 / 2","","tuple","0.00 / 2","","""hello world""","0.00 / 2","","plants = 2000","0.00 / 2","","3.0","0.00 / 2",""
"2022/11/04 1:49:57 AM PDT","2.00 / 10","Egbuchulem Frank","-- / 0","","G","-- / 0","","int()","0.00 / 2","","print","2.00 / 2","","syntax error!","0.00 / 2","","nY = 2 * 2","0.00 / 2","","3","0.00 / 2",""
"2022/11/04 1:50:59 AM PDT","6.00 / 10","EZEAKOR FAVOUR CHIKAMSO","-- / 0","","G","-- / 0","","str()","2.00 / 2","","print","2.00 / 2","","hello world","2.00 / 2","","nY = 2 * 2","0.00 / 2","","3","0.00 / 2",""
"2022/11/04 1:53:51 AM PDT","2.00 / 10","Egbuchulem Frank","-- / 0","","G","-- / 0","","int()","0.00 / 2","","print","2.00 / 2","","syntax error!","0.00 / 2","","nY = 2 * 2","0.00 / 2","","3","0.00 / 2",""
"2022/11/04 1:56:55 AM PDT","2.00 / 10","OBICHE SOLUDO PRINCE ","-- / 0","","G","-- / 0","","str()","2.00 / 2","","tuple","0.00 / 2","","""hello world""","0.00 / 2","","nY = 2 * 2;plants = 2000","0.00 / 2","","3","0.00 / 2",""
"2022/11/04 1:57:45 AM PDT","2.00 / 10","obot queenesther","-- / 0","","G","-- / 0","","str()","2.00 / 2","","tuple","0.00 / 2","","""hello world""","0.00 / 2","","x = 3;plants = 2000;yield = 20000","0.00 / 2","","3.0","0.00 / 2",""
"2022/11/04 1:58:24 AM PDT","2.00 / 10","obot queenesther","-- / 0","","G","-- / 0","","str()","2.00 / 2","","tuple","0.00 / 2","","""hello world""","0.00 / 2","","x = 3;plants = 2000;yield = 20000","0.00 / 2","","3.0","0.00 / 2",""
"2022/11/04 1:59:08 AM PDT","6.00 / 10","NNADILI MOSES CHUKWUMA","-- / 0","","G","-- / 0","","str()","2.00 / 2","","print","2.00 / 2","","hello world","2.00 / 2","","nY = 2 * 2","0.00 / 2","","3","0.00 / 2",""
"2022/11/04 2:00:34 AM PDT","4.00 / 10","Jallo Tari Victory C.","-- / 0","","G","-- / 0","","str()","2.00 / 2","","print","2.00 / 2","","syntax error!","0.00 / 2","","plants = 2000;yield = 20000","0.00 / 2","","error","0.00 / 2",""
"2022/11/04 2:00:47 AM PDT","6.00 / 10","NNADILI MOSES CHUKWUMA","-- / 0","","G","-- / 0","","str()","2.00 / 2","","print","2.00 / 2","","hello world","2.00 / 2","","nY = 2 * 2","0.00 / 2","","3","0.00 / 2",""
"2022/11/04 2:01:13 AM PDT","8.00 / 10","DANIEL OGHENEYOLE FAVOUR","-- / 0","","G","-- / 0","","int()","0.00 / 2","","print","2.00 / 2","","hello world","2.00 / 2","","yield = 20000","2.00 / 2","","none","2.00 / 2",""
"2022/11/04 2:01:54 AM PDT","8.00 / 10","achi samuel kalu","-- / 0","","G","-- / 0","","str()","2.00 / 2","","list","0.00 / 2","","hello world","2.00 / 2","","yield = 20000","2.00 / 2","","none","2.00 / 2",""
"2022/11/04 2:04:20 AM PDT","2.00 / 10","ONUOHA NIKE DANIEL","-- / 0","","G","-- / 0","","int()","0.00 / 2","","list","0.00 / 2","","hello world","2.00 / 2","","nY = 2 * 2","0.00 / 2","","3.0","0.00 / 2",""
"2022/11/04 2:07:29 AM PDT","2.00 / 10","JUMBO EMMANUEL","-- / 0","","G","-- / 0","","float()","0.00 / 2","","list","0.00 / 2","","""hello world""","0.00 / 2","","nY = 2 * 2","0.00 / 2","","none","2.00 / 2",""
"2022/11/04 2:07:47 AM PDT","6.00 / 10","NWOKEDI AMAEFULA KELECHUKWU KEVIN","-- / 0","","G","-- / 0","","none","0.00 / 2","","print","2.00 / 2","","""hello world""","0.00 / 2","","yield = 20000","2.00 / 2","","none","2.00 / 2",""
"2022/11/04 2:07:50 AM PDT","2.00 / 10","IMOMOTIMI   NOAH","-- / 0","","G","-- / 0","","int()","0.00 / 2","","print","2.00 / 2","","""hello world""","0.00 / 2","","yield = 20000;x = 3;nY = 2 * 2","0.00 / 2","","3","0.00 / 2",""
"2022/11/04 2:08:27 AM PDT","4.00 / 10","Nwosu Oriaku Angel","-- / 0","","G","-- / 0","","str()","2.00 / 2","","print","2.00 / 2","","""hello world""","0.00 / 2","","nY = 2 * 2","0.00 / 2","","3","0.00 / 2",""
"2022/11/04 2:08:52 AM PDT","2.00 / 10","Iwuh Ferdinand Uzoma","-- / 0","","G","-- / 0","","str()","2.00 / 2","","tuple","0.00 / 2","","hello"" ""world","0.00 / 2","","yield = 20000;plants = 2000;x = 3","0.00 / 2","","3","0.00 / 2",""
"2022/11/04 2:09:52 AM PDT","6.00 / 10","Uzochukwu Ikechuwu Bruno","-- / 0","","G","-- / 0","","str()","2.00 / 2","","print","2.00 / 2","","hello world","2.00 / 2","","x = 3","0.00 / 2","","3","0.00 / 2",""
"2022/11/04 2:12:27 AM PDT","2.00 / 10","Chijionu Onyiiamadi","-- / 0","","G","-- / 0","","str()","2.00 / 2","","tuple","0.00 / 2","","""hello world""","0.00 / 2","","plants = 2000;yield = 20000","0.00 / 2","","error","0.00 / 2",""
"2022/11/04 2:12:42 AM PDT","2.00 / 10","moong samuel chimeremeze","-- / 0","","G","-- / 0","","none","0.00 / 2","","tuple","0.00 / 2","","hello world","2.00 / 2","","plants = 2000;yield = 20000","0.00 / 2","","error","0.00 / 2",""
"2022/11/04 2:12:50 AM PDT","2.00 / 10","Josiah Ikechukwu Christopher","-- / 0","","G","-- / 0","","int()","0.00 / 2","","float","0.00 / 2","","""hello world""","0.00 / 2","","plants = 2000;yield = 20000","0.00 / 2","","none","2.00 / 2",""
"2022/11/04 2:13:32 AM PDT","4.00 / 10","Iheanyichukwu Emmanuel Chinecherem","-- / 0","","G","-- / 0","","str()","2.00 / 2","","list","0.00 / 2","","""hello world""","0.00 / 2","","yield = 20000","2.00 / 2","","3","0.00 / 2",""
"2022/11/04 2:14:27 AM PDT","0.00 / 10","OSUAGWU NNADOZIE CHUKWUDI","-- / 0","","G","-- / 0","","int()","0.00 / 2","","tuple","0.00 / 2","","""hello world""","0.00 / 2","","yield = 20000;plants = 2000;x = 3","0.00 / 2","","3","0.00 / 2",""
"2022/11/04 2:15:03 AM PDT","4.00 / 10","MONYE  CHINAZA","-- / 0","","G","-- / 0","","str()","2.00 / 2","","print","2.00 / 2","","""hello world""","0.00 / 2","","nY = 2 * 2","0.00 / 2","","3","0.00 / 2",""
"2022/11/04 2:16:24 AM PDT","4.00 / 10","NWIDEE MEESUA","-- / 0","","G","-- / 0","","int()","0.00 / 2","","print","2.00 / 2","","hello world","2.00 / 2","","nY = 2 * 2;yield = 20000","0.00 / 2","","3","0.00 / 2",""
"2022/11/04 2:16:34 AM PDT","4.00 / 10","Ollor samuel Nwaji","-- / 0","","G","-- / 0","","int()","0.00 / 2","","print","2.00 / 2","","hello world","2.00 / 2","","yield = 20000;plants = 2000","0.00 / 2","","3","0.00 / 2",""
"2022/11/04 2:18:24 AM PDT","2.00 / 10","OGOR EDESIRI","-- / 0","","G","-- / 0","","int()","0.00 / 2","","list","0.00 / 2","","hello world","2.00 / 2","","nY = 2 * 2;plants = 2000","0.00 / 2","","3","0.00 / 2",""
"2022/11/04 2:18:52 AM PDT","0.00 / 10","NJOKU SAMUEL PRINCE","-- / 0","","G","-- / 0","","float()","0.00 / 2","","tuple","0.00 / 2","","""hello world""","0.00 / 2","","x = 3","0.00 / 2","","3.0","0.00 / 2",""
"2022/11/04 2:19:07 AM PDT","6.00 / 10","okwuezolu chika thelma","-- / 0","","G","-- / 0","","str()","2.00 / 2","","print","2.00 / 2","","hello world","2.00 / 2","","x = 3;plants = 2000","0.00 / 2","","3","0.00 / 2",""
"2022/11/04 2:19:08 AM PDT","4.00 / 10","BESTMAN VICTOR AKPENYI","-- / 0","","G","-- / 0","","float()","0.00 / 2","","tuple","0.00 / 2","","hello world","2.00 / 2","","yield = 20000","2.00 / 2","","3.0","0.00 / 2",""
"2022/11/04 2:19:39 AM PDT","4.00 / 10","EDIDIONG JACKSON","-- / 0","","G","-- / 0","","float()","0.00 / 2","","print","2.00 / 2","","hello"" ""world","0.00 / 2","","yield = 20000","2.00 / 2","","3.0","0.00 / 2",""
"2022/11/04 2:20:26 AM PDT","2.00 / 10","NWAOBI EMMANUEL .U.","-- / 0","","G","-- / 0","","float()","0.00 / 2","","list","0.00 / 2","","""hello world""","0.00 / 2","","plants = 2000;x = 3;yield = 20000","0.00 / 2","","none","2.00 / 2",""
"2022/11/04 2:21:20 AM PDT","4.00 / 10","nwoko charles","-- / 0","","G","-- / 0","","float()","0.00 / 2","","print","2.00 / 2","","hello world","2.00 / 2","","plants = 2000","0.00 / 2","","3.0","0.00 / 2",""
"2022/11/04 2:21:30 AM PDT","4.00 / 10","STANLEY SWEENY","-- / 0","","G","-- / 0","","str()","2.00 / 2","","print","2.00 / 2","","""hello world""","0.00 / 2","","nY = 2 * 2","0.00 / 2","","3.0","0.00 / 2",""
"2022/11/04 2:21:51 AM PDT","4.00 / 10","Ejike Abigail Chinemerem A.","-- / 0","","G","-- / 0","","none","0.00 / 2","","print","2.00 / 2","","""hello world""","0.00 / 2","","yield = 20000","2.00 / 2","","3.0","0.00 / 2",""
"2022/11/04 2:22:32 AM PDT","6.00 / 10","UGWU BLESSING CHIDERA","-- / 0","","G","-- / 0","","str()","2.00 / 2","","print","2.00 / 2","","""hello world""","0.00 / 2","","yield = 20000","2.00 / 2","","3.0","0.00 / 2",""
"2022/11/04 2:23:19 AM PDT","6.00 / 10","OBERUOMOR AKPEVWE","-- / 0","","G","-- / 0","","str()","2.00 / 2","","print","2.00 / 2","","hello world","2.00 / 2","","plants = 2000","0.00 / 2","","3.0","0.00 / 2",""
"2022/11/04 2:24:50 AM PDT","6.00 / 10","AKANINYENE SAMUEL","-- / 0","","G","-- / 0","","str()","2.00 / 2","","print","2.00 / 2","","hello world","2.00 / 2","","x = 3","0.00 / 2","","3.0","0.00 / 2",""
"2022/11/04 2:24:57 AM PDT","2.00 / 10","EJAYE JAMES EROMOSELE","-- / 0","","G","-- / 0","","float()","0.00 / 2","","list","0.00 / 2","","hello world","2.00 / 2","","nY = 2 * 2","0.00 / 2","","3.0","0.00 / 2",""
"2022/11/04 2:26:18 AM PDT","4.00 / 10","MADUAKO TOBECHUKWU SUCCESS","-- / 0","","G","-- / 0","","str()","2.00 / 2","","print","2.00 / 2","","""hello world""","0.00 / 2","","plants = 2000;yield = 20000;x = 3","0.00 / 2","","3.0","0.00 / 2",""
"2022/11/04 2:26:31 AM PDT","2.00 / 10","KIBUEBU EJIROGHENE JOSEPH","-- / 0","","G","-- / 0","","int()","0.00 / 2","","print","2.00 / 2","","""hello world""","0.00 / 2","","plants = 2000","0.00 / 2","","3.0","0.00 / 2",""
"2022/11/04 2:27:00 AM PDT","8.00 / 10","UGOCHUKWU BLESSED","-- / 0","","G","-- / 0","","str()","2.00 / 2","","print","2.00 / 2","","hello world","2.00 / 2","","yield = 20000","2.00 / 2","","3","0.00 / 2",""
"2022/11/04 2:31:21 AM PDT","8.00 / 10","NZEWI GOODLUCK CHUKWUEBUKA","-- / 0","","H","-- / 0","","str()","2.00 / 2","","print","2.00 / 2","","hello world","2.00 / 2","","yield = 20000","2.00 / 2","","3","0.00 / 2",""
"2022/11/04 2:42:19 AM PDT","4.00 / 10","OPEYEMI OLA OLUWA","-- / 0","","C","-- / 0","","float()","0.00 / 2","","print","2.00 / 2","","hello world","2.00 / 2","","nY = 2 * 2","0.00 / 2","","3.0","0.00 / 2",""
"2022/11/04 2:42:22 AM PDT","8.00 / 10","CHIAGOROM PRAISE","-- / 0","","H","-- / 0","","str()","2.00 / 2","","print","2.00 / 2","","""hello world""","0.00 / 2","","yield = 20000","2.00 / 2","","none","2.00 / 2",""
"2022/11/04 2:43:06 AM PDT","8.00 / 10","ISAAC-GOMBA AMEDOWANEEOBARI","-- / 0","","C","-- / 0","","str()","2.00 / 2","","print","2.00 / 2","","hello world","2.00 / 2","","yield = 20000","2.00 / 2","","error","0.00 / 2",""
"2022/11/04 2:43:44 AM PDT","10.00 / 10","CHINEDU CHIDUBEM","-- / 0","","H","-- / 0","","str()","2.00 / 2","","print","2.00 / 2","","hello world","2.00 / 2","","yield = 20000","2.00 / 2","","none","2.00 / 2",""
"2022/11/04 4:37:16 AM PDT","2.00 / 10","Chiewelite Roy","-- / 0","","E","-- / 0","","str()","2.00 / 2","","tuple","0.00 / 2","","""hello world""","0.00 / 2","","yield = 20000;plants = 2000","0.00 / 2","","3","0.00 / 2",""
"2022/11/04 4:39:27 AM PDT","2.00 / 10","WOKO WISDOM BOMA","-- / 0","","E","-- / 0","","int()","0.00 / 2","","print","2.00 / 2","","""hello world""","0.00 / 2","","x = 3","0.00 / 2","","3","0.00 / 2",""
"2022/11/04 4:39:47 AM PDT","4.00 / 10","Chinda Ritzy","-- / 0","","E","-- / 0","","str()","2.00 / 2","","list","0.00 / 2","","hello world","2.00 / 2","","x = 3","0.00 / 2","","3","0.00 / 2",""
"2022/11/04 4:40:43 AM PDT","2.00 / 10","Agwamba Mirabel","-- / 0","","E","-- / 0","","int()","0.00 / 2","","print","2.00 / 2","","""hello world""","0.00 / 2","","nY = 2 * 2","0.00 / 2","","3","0.00 / 2",""
"2022/11/04 4:41:33 AM PDT","8.00 / 10","ALEX-IGBARIMA BEULAH","-- / 0","","E","-- / 0","","str()","2.00 / 2","","print","2.00 / 2","","hello world","2.00 / 2","","yield = 20000","2.00 / 2","","3","0.00 / 2",""
"2022/11/04 4:42:47 AM PDT","6.00 / 10","Ndifon Huvair","-- / 0","","E","-- / 0","","str()","2.00 / 2","","print","2.00 / 2","","hello world","2.00 / 2","","yield = 20000;plants = 2000","0.00 / 2","","3.0","0.00 / 2",""
"2022/11/04 4:43:07 AM PDT","6.00 / 10","Nkemdirim  success","-- / 0","","E","-- / 0","","str()","2.00 / 2","","print","2.00 / 2","","hello world","2.00 / 2","","nY = 2 * 2","0.00 / 2","","3.0","0.00 / 2",""
"2022/11/04 4:44:50 AM PDT","6.00 / 10","Nwoko nancy ifeoma","-- / 0","","E","-- / 0","","str()","2.00 / 2","","print","2.00 / 2","","hello"" ""world","0.00 / 2","","yield = 20000","2.00 / 2","","3","0.00 / 2",""
"2022/11/04 4:44:54 AM PDT","0.00 / 10","ndudi Emmanuel","-- / 0","","E","-- / 0","","float()","0.00 / 2","","tuple","0.00 / 2","","""hello world""","0.00 / 2","","plants = 2000","0.00 / 2","","3.0","0.00 / 2",""
"2022/11/04 4:45:24 AM PDT","4.00 / 10","Anaba Chinaraekele","-- / 0","","E","-- / 0","","none","0.00 / 2","","tuple","0.00 / 2","","hello world","2.00 / 2","","plants = 2000","0.00 / 2","","none","2.00 / 2",""
"2022/11/04 4:46:56 AM PDT","2.00 / 10","iwu chidiebere","-- / 0","","E","-- / 0","","str()","2.00 / 2","","tuple","0.00 / 2","","""hello world""","0.00 / 2","","plants = 2000","0.00 / 2","","3.0","0.00 / 2",""
"2022/11/04 5:48:29 AM PDT","0.00 / 10","Abani Mitchell","-- / 0","","E","-- / 0","","int()","0.00 / 2","","list","0.00 / 2","","""hello world""","0.00 / 2","","nY = 2 * 2;x = 3","0.00 / 2","","3.0","0.00 / 2",""