"Timestamp","Total score","Name","Name [Score]","Name [Feedback]","ARM","ARM [Score]","ARM [Feedback]","Which of the following is not a formatting tag","Which of the following is not a formatting tag [Score]","Which of the following is not a formatting tag [Feedback]","Select the closing tag of an HTML comment","Select the closing tag of an HTML comment [Score]","Select the closing tag of an HTML comment [Feedback]","What is the function of the  <body> tag in an HTML document","What is the function of the  <body> tag in an HTML document [Score]","What is the function of the  <body> tag in an HTML document [Feedback]","Is the HTML code below valid?
 <p>
        “The journey of a thousand miles begins with a single step.” </br>
“A good traveler has no fixed plans and is not intent on arriving.”
</p>","Is the HTML code below valid?
 <p>
        “The journey of a thousand miles begins with a single step.” </br>
“A good traveler has no fixed plans and is not intent on arriving.”
</p> [Score]","Is the HTML code below valid?
 <p>
        “The journey of a thousand miles begins with a single step.” </br>
“A good traveler has no fixed plans and is not intent on arriving.”
</p> [Feedback]","Select the missing element in the web page below
<!DOCTYPE html>
<html>
            <body>
                         <p>
                                “The journey of a thousand miles begins with a single step.” 
                         </p>
            </body>
</html>","Select the missing element in the web page below
<!DOCTYPE html>
<html>
            <body>
                         <p>
                                “The journey of a thousand miles begins with a single step.” 
                         </p>
            </body>
</html> [Score]","Select the missing element in the web page below
<!DOCTYPE html>
<html>
            <body>
                         <p>
                                “The journey of a thousand miles begins with a single step.” 
                         </p>
            </body>
</html> [Feedback]"
"2022/11/03 1:29:59 AM PDT","0.00 / 10","Enereujama Nteigbe Praise","-- / 0","","A","-- / 0","","<small>","0.00 / 2","","--/>","0.00 / 2","","it defines the body tag","0.00 / 2","","Yes","0.00 / 2","","<heading>","0.00 / 2",""
"2022/11/03 1:36:12 AM PDT","4.00 / 10","Canice - Raphael Nchedochukwu","-- / 0","","A","-- / 0","","<p>","2.00 / 2","","--!>","0.00 / 2","","it defines the document's body","2.00 / 2","","Yes","0.00 / 2","","<h1>","0.00 / 2",""
"2022/11/03 1:39:30 AM PDT","2.00 / 10","princewill gonee","-- / 0","","A","-- / 0","","<strong>","0.00 / 2","","/>","0.00 / 2","","it defines the document's body","2.00 / 2","","Yes","0.00 / 2","","<header>","0.00 / 2",""
"2022/11/03 1:39:33 AM PDT","4.00 / 10","jahsmight","-- / 0","","A","-- / 0","","<strong>","0.00 / 2","","-->","2.00 / 2","","it defines a web page structure","0.00 / 2","","Yes","0.00 / 2","","<head>","2.00 / 2",""
"2022/11/03 1:43:25 AM PDT","10.00 / 10","OLAGUNDOYE TOLULOPE","-- / 0","","A","-- / 0","","<p>","2.00 / 2","","-->","2.00 / 2","","it defines the document's body","2.00 / 2","","No","2.00 / 2","","<head>","2.00 / 2",""
"2022/11/03 1:44:29 AM PDT","8.00 / 10","UYIME WISDOM","-- / 0","","A","-- / 0","","<p>","2.00 / 2","","--/>","0.00 / 2","","it defines the document's body","2.00 / 2","","No","2.00 / 2","","<head>","2.00 / 2",""
"2022/11/03 1:46:50 AM PDT","4.00 / 10","ALOMARY","-- / 0","","A","-- / 0","","<small>","0.00 / 2","","--/>","0.00 / 2","","it defines the body tag","0.00 / 2","","No","2.00 / 2","","<head>","2.00 / 2",""
"2022/11/03 1:46:51 AM PDT","10.00 / 10","NWAFOR DESMOND CHUKWUKA","-- / 0","","A","-- / 0","","<p>","2.00 / 2","","-->","2.00 / 2","","it defines the document's body","2.00 / 2","","No","2.00 / 2","","<head>","2.00 / 2",""
"2022/11/03 1:47:44 AM PDT","8.00 / 10","ADEBAYO ESTHER","-- / 0","","A","-- / 0","","<p>","2.00 / 2","","-->","2.00 / 2","","it defines the body tag","0.00 / 2","","No","2.00 / 2","","<head>","2.00 / 2",""
"2022/11/03 1:48:09 AM PDT","8.00 / 10","Chikwendu Praise","-- / 0","","A","-- / 0","","<p>","2.00 / 2","","-->","2.00 / 2","","it defines a web page structure","0.00 / 2","","No","2.00 / 2","","<head>","2.00 / 2",""
"2022/11/03 1:51:14 AM PDT","10.00 / 10","SOBULACHI  GODSTIME  GABRIEL  ANYA","-- / 0","","A","-- / 0","","<p>","2.00 / 2","","-->","2.00 / 2","","it defines the document's body","2.00 / 2","","No","2.00 / 2","","<head>","2.00 / 2",""
"2022/11/03 1:52:34 AM PDT","8.00 / 10","Amadiikpa Noble minichimso","-- / 0","","A","-- / 0","","<b>","0.00 / 2","","-->","2.00 / 2","","it defines the document's body","2.00 / 2","","No","2.00 / 2","","<head>","2.00 / 2",""
"2022/11/03 1:53:16 AM PDT","8.00 / 10","CHAN MBARI MERCY","-- / 0","","A","-- / 0","","<b>","0.00 / 2","","-->","2.00 / 2","","it defines the document's body","2.00 / 2","","No","2.00 / 2","","<head>","2.00 / 2",""
"2022/11/03 1:53:53 AM PDT","6.00 / 10","UBERA//EMMANUELLA","-- / 0","","A","-- / 0","","<b>","0.00 / 2","","-->","2.00 / 2","","it defines the body tag","0.00 / 2","","No","2.00 / 2","","<head>","2.00 / 2",""
"2022/11/03 1:54:48 AM PDT","6.00 / 10","ALAJEDE NIFEMI GRACE","-- / 0","","A","-- / 0","","<b>","0.00 / 2","","-->","2.00 / 2","","it defines the body tag","0.00 / 2","","No","2.00 / 2","","<head>","2.00 / 2",""
"2022/11/03 1:55:03 AM PDT","4.00 / 10","NEBEDUM CHIMMUANYA EMMANUEL","-- / 0","","A","-- / 0","","<small>","0.00 / 2","","/>","0.00 / 2","","it defines the document's body","2.00 / 2","","Yes","0.00 / 2","","<head>","2.00 / 2",""
"2022/11/03 1:56:31 AM PDT","10.00 / 10","Douglas Nengimote","-- / 0","","A","-- / 0","","<p>","2.00 / 2","","-->","2.00 / 2","","it defines the document's body","2.00 / 2","","No","2.00 / 2","","<head>","2.00 / 2",""
"2022/11/03 1:57:22 AM PDT","10.00 / 10","David-Ogbonna Daniel","-- / 0","","A","-- / 0","","<p>","2.00 / 2","","-->","2.00 / 2","","it defines the document's body","2.00 / 2","","No","2.00 / 2","","<head>","2.00 / 2",""
"2022/11/03 1:58:03 AM PDT","6.00 / 10","KENNETH OBEDIENCE ZORBARI","-- / 0","","A","-- / 0","","<strong>","0.00 / 2","","-->","2.00 / 2","","it defines the document's body","2.00 / 2","","No","2.00 / 2","","<header>","0.00 / 2",""
"2022/11/03 1:58:48 AM PDT","4.00 / 10","Ogene David","-- / 0","","A","-- / 0","","<small>","0.00 / 2","","/>","0.00 / 2","","it defines the document's body","2.00 / 2","","No","2.00 / 2","","<h1>","0.00 / 2",""
"2022/11/03 1:59:08 AM PDT","2.00 / 10","WALI KELACHI TESTIMONY","-- / 0","","A","-- / 0","","<small>","0.00 / 2","","/>","0.00 / 2","","it defines a web page structure","0.00 / 2","","No","2.00 / 2","","<h1>","0.00 / 2",""
"2022/11/03 2:01:51 AM PDT","6.00 / 10","Gabriel Princess","-- / 0","","A","-- / 0","","<small>","0.00 / 2","","--/>","0.00 / 2","","it defines the document's body","2.00 / 2","","No","2.00 / 2","","<head>","2.00 / 2",""
"2022/11/03 2:36:00 AM PDT","8.00 / 10","okenu stellamaris","-- / 0","","H","-- / 0","","<p>","2.00 / 2","","/>","0.00 / 2","","it defines the document's body","2.00 / 2","","No","2.00 / 2","","<head>","2.00 / 2",""
"2022/11/03 2:36:27 AM PDT","4.00 / 10","Igbosi Ayibatari","-- / 0","","H","-- / 0","","<p>","2.00 / 2","","/>","0.00 / 2","","it defines the document's body","2.00 / 2","","Yes","0.00 / 2","","<h1>","0.00 / 2",""
"2022/11/03 2:39:41 AM PDT","8.00 / 10","Ike Ogbonnaya Adaeze Chioma","-- / 0","","H","-- / 0","","<p>","2.00 / 2","","/>","0.00 / 2","","it defines the document's body","2.00 / 2","","No","2.00 / 2","","<head>","2.00 / 2",""
"2022/11/03 2:40:59 AM PDT","10.00 / 10","isaac  chinyere","-- / 0","","H","-- / 0","","<p>","2.00 / 2","","-->","2.00 / 2","","it defines the document's body","2.00 / 2","","No","2.00 / 2","","<head>","2.00 / 2",""
"2022/11/03 2:41:56 AM PDT","4.00 / 10","Chidozie David","-- / 0","","H","-- / 0","","<p>","2.00 / 2","","-->","2.00 / 2","","it defines the body tag","0.00 / 2","","Yes","0.00 / 2","","<h1>","0.00 / 2",""
"2022/11/03 2:42:07 AM PDT","8.00 / 10","james ifunanya","-- / 0","","H","-- / 0","","<p>","2.00 / 2","","/>","0.00 / 2","","it defines the document's body","2.00 / 2","","No","2.00 / 2","","<head>","2.00 / 2",""
"2022/11/03 2:42:24 AM PDT","2.00 / 10","Everest Great","-- / 0","","H","-- / 0","","<strong>","0.00 / 2","","/>","0.00 / 2","","it defines the document's body","2.00 / 2","","Yes","0.00 / 2","","<header>","0.00 / 2",""
"2022/11/03 2:42:35 AM PDT","8.00 / 10","iwunna/naomi/ihechi","-- / 0","","H","-- / 0","","<p>","2.00 / 2","","--/>","0.00 / 2","","it defines the document's body","2.00 / 2","","No","2.00 / 2","","<head>","2.00 / 2",""
"2022/11/03 2:42:46 AM PDT","6.00 / 10","Moffat William Sunday","-- / 0","","H","-- / 0","","<strong>","0.00 / 2","","--/>","0.00 / 2","","it defines the document's body","2.00 / 2","","No","2.00 / 2","","<head>","2.00 / 2",""
"2022/11/03 2:44:26 AM PDT","10.00 / 10","Wale Akinkunmi Melody","-- / 0","","H","-- / 0","","<p>","2.00 / 2","","-->","2.00 / 2","","it defines the document's body","2.00 / 2","","No","2.00 / 2","","<head>","2.00 / 2",""
"2022/11/03 2:46:43 AM PDT","8.00 / 10","CHRISTOPHER SAMUEL","-- / 0","","H","-- / 0","","<p>","2.00 / 2","","--!>","0.00 / 2","","it defines the document's body","2.00 / 2","","No","2.00 / 2","","<head>","2.00 / 2",""
"2022/11/03 2:46:50 AM PDT","4.00 / 10","NWANESHI PROSPER CHIEMEZIE","-- / 0","","H","-- / 0","","<b>","0.00 / 2","","-->","2.00 / 2","","it defines the document's body","2.00 / 2","","Yes","0.00 / 2","","<h1>","0.00 / 2",""
"2022/11/03 2:47:21 AM PDT","10.00 / 10","ezetu emmanuel","-- / 0","","H","-- / 0","","<p>","2.00 / 2","","-->","2.00 / 2","","it defines the document's body","2.00 / 2","","No","2.00 / 2","","<head>","2.00 / 2",""
"2022/11/03 2:47:30 AM PDT","10.00 / 10","okoro franklyn miracle","-- / 0","","H","-- / 0","","<p>","2.00 / 2","","-->","2.00 / 2","","it defines the document's body","2.00 / 2","","No","2.00 / 2","","<head>","2.00 / 2",""
"2022/11/03 2:48:01 AM PDT","10.00 / 10","Briggs oputamunoye Graham","-- / 0","","H","-- / 0","","<p>","2.00 / 2","","-->","2.00 / 2","","it defines the document's body","2.00 / 2","","No","2.00 / 2","","<head>","2.00 / 2",""
"2022/11/03 2:48:01 AM PDT","10.00 / 10","omotosho umar","-- / 0","","H","-- / 0","","<p>","2.00 / 2","","-->","2.00 / 2","","it defines the document's body","2.00 / 2","","No","2.00 / 2","","<head>","2.00 / 2",""
"2022/11/03 2:48:59 AM PDT","8.00 / 10","GODWIN CHISOM REX","-- / 0","","H","-- / 0","","<p>","2.00 / 2","","-->","2.00 / 2","","it defines the document's body","2.00 / 2","","Yes","0.00 / 2","","<head>","2.00 / 2",""
"2022/11/03 2:49:14 AM PDT","8.00 / 10","chinedu Tochukwu Divine","-- / 0","","H","-- / 0","","<p>","2.00 / 2","","--/>","0.00 / 2","","it defines the document's body","2.00 / 2","","No","2.00 / 2","","<head>","2.00 / 2",""
"2022/11/03 2:50:51 AM PDT","6.00 / 10","Blessing Iyaye","-- / 0","","H","-- / 0","","<p>","2.00 / 2","","/>","0.00 / 2","","it defines a web page structure","0.00 / 2","","No","2.00 / 2","","<head>","2.00 / 2",""
"2022/11/03 2:51:44 AM PDT","2.00 / 10","UKANWA DAVID","-- / 0","","H","-- / 0","","<small>","0.00 / 2","","/>","0.00 / 2","","it defines the document's body","2.00 / 2","","Yes","0.00 / 2","","<header>","0.00 / 2",""
"2022/11/03 2:52:17 AM PDT","6.00 / 10","ELLIOT ODEMASEPH ASELEMI","-- / 0","","H","-- / 0","","<p>","2.00 / 2","","/>","0.00 / 2","","it defines the document's body","2.00 / 2","","Yes","0.00 / 2","","<head>","2.00 / 2",""
"2022/11/03 2:52:35 AM PDT","10.00 / 10","NWANETO CHRISDAVID IKECHUKWU","-- / 0","","H","-- / 0","","<p>","2.00 / 2","","-->","2.00 / 2","","it defines the document's body","2.00 / 2","","No","2.00 / 2","","<head>","2.00 / 2",""
"2022/11/03 2:52:50 AM PDT","6.00 / 10","CHINEDU FAVOUR","-- / 0","","H","-- / 0","","<small>","0.00 / 2","","/>","0.00 / 2","","it defines the document's body","2.00 / 2","","No","2.00 / 2","","<head>","2.00 / 2",""
"2022/11/03 2:53:05 AM PDT","6.00 / 10","Muhammad Jabbi Husna","-- / 0","","H","-- / 0","","<strong>","0.00 / 2","","--/>","0.00 / 2","","it defines the document's body","2.00 / 2","","No","2.00 / 2","","<head>","2.00 / 2",""
"2022/11/03 2:53:57 AM PDT","10.00 / 10","ELLIOT ODEMASEPH ASELEMI","-- / 0","","H","-- / 0","","<p>","2.00 / 2","","-->","2.00 / 2","","it defines the document's body","2.00 / 2","","No","2.00 / 2","","<head>","2.00 / 2",""
"2022/11/03 2:54:48 AM PDT","10.00 / 10","AHAZIMNKEM  SHINE MIRACLE","-- / 0","","H","-- / 0","","<p>","2.00 / 2","","-->","2.00 / 2","","it defines the document's body","2.00 / 2","","No","2.00 / 2","","<head>","2.00 / 2",""
"2022/11/03 2:55:17 AM PDT","8.00 / 10","ihediohamma Antoinette Kosi","-- / 0","","H","-- / 0","","<p>","2.00 / 2","","--/>","0.00 / 2","","it defines the document's body","2.00 / 2","","No","2.00 / 2","","<head>","2.00 / 2",""
"2022/11/03 2:55:29 AM PDT","6.00 / 10","AlI   MADONNA     OBIANUJU","-- / 0","","H","-- / 0","","<b>","0.00 / 2","","--/>","0.00 / 2","","it defines the document's body","2.00 / 2","","No","2.00 / 2","","<head>","2.00 / 2",""
"2022/11/03 2:55:49 AM PDT","10.00 / 10","Naboniyo Favour","-- / 0","","H","-- / 0","","<p>","2.00 / 2","","-->","2.00 / 2","","it defines the document's body","2.00 / 2","","No","2.00 / 2","","<head>","2.00 / 2",""
"2022/11/03 2:56:15 AM PDT","8.00 / 10","Njoku Chinonso.N ","-- / 0","","H","-- / 0","","<p>","2.00 / 2","","-->","2.00 / 2","","it defines a web page structure","0.00 / 2","","No","2.00 / 2","","<head>","2.00 / 2",""
"2022/11/03 2:58:41 AM PDT","4.00 / 10","IDEINYEBO FAVOUR AYEBAMIEBI","-- / 0","","H","-- / 0","","<p>","2.00 / 2","","/>","0.00 / 2","","it defines a web page structure","0.00 / 2","","No","2.00 / 2","","<header>","0.00 / 2",""
"2022/11/03 2:58:53 AM PDT","10.00 / 10","Erhabor Osanoma Micheal","-- / 0","","H","-- / 0","","<p>","2.00 / 2","","-->","2.00 / 2","","it defines the document's body","2.00 / 2","","No","2.00 / 2","","<head>","2.00 / 2",""
"2022/11/03 2:59:21 AM PDT","10.00 / 10","ABBA NAOMI","-- / 0","","H","-- / 0","","<p>","2.00 / 2","","-->","2.00 / 2","","it defines the document's body","2.00 / 2","","No","2.00 / 2","","<head>","2.00 / 2",""
"2022/11/03 3:01:52 AM PDT","10.00 / 10","Sinyeofori Idanye","-- / 0","","H","-- / 0","","<p>","2.00 / 2","","-->","2.00 / 2","","it defines the document's body","2.00 / 2","","No","2.00 / 2","","<head>","2.00 / 2",""
"2022/11/03 3:01:52 AM PDT","10.00 / 10","DURU TREASURE UZOCHUKWU","-- / 0","","H","-- / 0","","<p>","2.00 / 2","","-->","2.00 / 2","","it defines the document's body","2.00 / 2","","No","2.00 / 2","","<head>","2.00 / 2",""
"2022/11/03 3:02:12 AM PDT","8.00 / 10","NDU TREASURE A","-- / 0","","H","-- / 0","","<p>","2.00 / 2","","/>","0.00 / 2","","it defines the document's body","2.00 / 2","","No","2.00 / 2","","<head>","2.00 / 2",""
"2022/11/03 3:02:13 AM PDT","10.00 / 10","Maol Royal Baritudor","-- / 0","","H","-- / 0","","<p>","2.00 / 2","","-->","2.00 / 2","","it defines the document's body","2.00 / 2","","No","2.00 / 2","","<head>","2.00 / 2",""
"2022/11/03 3:02:34 AM PDT","10.00 / 10","Chinda David","-- / 0","","H","-- / 0","","<p>","2.00 / 2","","-->","2.00 / 2","","it defines the document's body","2.00 / 2","","No","2.00 / 2","","<head>","2.00 / 2",""
"2022/11/03 3:05:23 AM PDT","6.00 / 10","Ikechukwu Chinonso","-- / 0","","H","-- / 0","","<strong>","0.00 / 2","","-->","2.00 / 2","","it defines the document's body","2.00 / 2","","Yes","0.00 / 2","","<head>","2.00 / 2",""
"2022/11/03 4:27:05 AM PDT","4.00 / 10","OGBU ADAOMA CHIDALU","-- / 0","","A","-- / 0","","<b>","0.00 / 2","","-->","2.00 / 2","","it displays the web page","0.00 / 2","","Yes","0.00 / 2","","<head>","2.00 / 2",""
"2022/11/03 4:36:07 AM PDT","2.00 / 10","EZEALACHRISTABEL","-- / 0","","A","-- / 0","","<small>","0.00 / 2","","--/>","0.00 / 2","","it defines a web page structure","0.00 / 2","","Yes","0.00 / 2","","<head>","2.00 / 2",""
"2022/11/03 4:46:05 AM PDT","4.00 / 10","NWORGU  CHIKA","-- / 0","","A","-- / 0","","<small>","0.00 / 2","","-->","2.00 / 2","","it defines the document's body","2.00 / 2","","Yes","0.00 / 2","","<header>","0.00 / 2",""
"2022/11/03 4:52:06 AM PDT","2.00 / 10","EMENIKE PRAISE","-- / 0","","A","-- / 0","","<b>","0.00 / 2","","/>","0.00 / 2","","it defines the body tag","0.00 / 2","","Yes","0.00 / 2","","<head>","2.00 / 2",""
"2022/11/04 3:49:35 AM PDT","4.00 / 10","DISEPH-GEORGE IMAKUIRU","-- / 0","","M","-- / 0","","<strong>","0.00 / 2","","--!>","0.00 / 2","","it defines the document's body","2.00 / 2","","No","2.00 / 2","","<heading>","0.00 / 2",""
"2022/11/04 3:50:56 AM PDT","0.00 / 10","FRANCIS DOREEN","-- / 0","","M","-- / 0","","<strong>","0.00 / 2","","--!>","0.00 / 2","","it defines the body tag","0.00 / 2","","Yes","0.00 / 2","","<h1>","0.00 / 2",""
"2022/11/04 3:54:54 AM PDT","4.00 / 10","Onyemechi Benita Uwuma","-- / 0","","M","-- / 0","","<p>","2.00 / 2","","/>","0.00 / 2","","it defines the document's body","2.00 / 2","","Yes","0.00 / 2","","<h1>","0.00 / 2",""
"2022/11/04 3:59:13 AM PDT","0.00 / 10","NNAGBO/HILLARY/UCHECHUKWU","-- / 0","","M","-- / 0","","<b>","0.00 / 2","","--/>","0.00 / 2","","it defines the body tag","0.00 / 2","","Yes","0.00 / 2","","<h1>","0.00 / 2",""
"2022/11/04 3:59:58 AM PDT","6.00 / 10","Amaechi Christabel","-- / 0","","M","-- / 0","","<p>","2.00 / 2","","/>","0.00 / 2","","it defines the document's body","2.00 / 2","","Yes","0.00 / 2","","<head>","2.00 / 2",""
"2022/11/04 4:02:17 AM PDT","6.00 / 10","AMOS UNUNUMA ESTHER","-- / 0","","M","-- / 0","","<p>","2.00 / 2","","--!>","0.00 / 2","","it defines the body tag","0.00 / 2","","No","2.00 / 2","","<head>","2.00 / 2",""
"2022/11/04 4:06:26 AM PDT","4.00 / 10","Hope kagbo Bright","-- / 0","","M","-- / 0","","<p>","2.00 / 2","","--!>","0.00 / 2","","it defines the document's body","2.00 / 2","","Yes","0.00 / 2","","<h1>","0.00 / 2",""
"2022/11/04 4:07:27 AM PDT","2.00 / 10","ASOGWA UCHECHUKWU MICHAEL","-- / 0","","M","-- / 0","","<strong>","0.00 / 2","","/>","0.00 / 2","","it defines the document's body","2.00 / 2","","Yes","0.00 / 2","","<h1>","0.00 / 2",""
"2022/11/04 4:07:54 AM PDT","4.00 / 10","Aburime Emmanuel Osagie","-- / 0","","M","-- / 0","","<small>","0.00 / 2","","/>","0.00 / 2","","it defines the document's body","2.00 / 2","","Yes","0.00 / 2","","<head>","2.00 / 2",""
"2022/11/04 4:08:51 AM PDT","4.00 / 10","Eloghom Nicholas","-- / 0","","M","-- / 0","","<b>","0.00 / 2","","--/>","0.00 / 2","","it defines the document's body","2.00 / 2","","Yes","0.00 / 2","","<head>","2.00 / 2",""
"2022/11/04 4:11:25 AM PDT","2.00 / 10","Dinobi Albright","-- / 0","","M","-- / 0","","<b>","0.00 / 2","","/>","0.00 / 2","","it defines the document's body","2.00 / 2","","Yes","0.00 / 2","","<h1>","0.00 / 2",""
"2022/11/04 4:14:00 AM PDT","6.00 / 10","kenneth genevieve chidera","-- / 0","","M","-- / 0","","<p>","2.00 / 2","","/>","0.00 / 2","","it defines the document's body","2.00 / 2","","Yes","0.00 / 2","","<head>","2.00 / 2",""
"2022/11/04 4:15:33 AM PDT","4.00 / 10","OMIGIE ADESUWA","-- / 0","","M","-- / 0","","<b>","0.00 / 2","","--!>","0.00 / 2","","it defines the document's body","2.00 / 2","","Yes","0.00 / 2","","<head>","2.00 / 2",""
"2022/11/04 4:16:52 AM PDT","0.00 / 10","ABIDOYE OLUWASEGUN","-- / 0","","M","-- / 0","","<small>","0.00 / 2","","/>","0.00 / 2","","it defines the body tag","0.00 / 2","","Yes","0.00 / 2","","<header>","0.00 / 2",""
"2022/11/04 5:33:39 AM PDT","6.00 / 10","NZIMIKE BLOSSOM","-- / 0","","J","-- / 0","","<strong>","0.00 / 2","","-->","2.00 / 2","","it defines the document's body","2.00 / 2","","Yes","0.00 / 2","","<head>","2.00 / 2",""
"2022/11/04 5:34:56 AM PDT","4.00 / 10","ukah ifunanya","-- / 0","","J","-- / 0","","<p>","2.00 / 2","","-->","2.00 / 2","","it defines the body tag","0.00 / 2","","Yes","0.00 / 2","","<heading>","0.00 / 2",""
"2022/11/04 5:41:47 AM PDT","0.00 / 10","AkanduKindness","-- / 0","","C","-- / 0","","<strong>","0.00 / 2","","/>","0.00 / 2","","it defines the body tag","0.00 / 2","","Yes","0.00 / 2","","<h1>","0.00 / 2",""
"2022/11/04 5:53:55 AM PDT","4.00 / 10","chidozie/kelechi/favour","-- / 0","","J","-- / 0","","<b>","0.00 / 2","","/>","0.00 / 2","","it defines the document's body","2.00 / 2","","No","2.00 / 2","","<heading>","0.00 / 2",""
"2022/11/04 6:09:14 AM PDT","8.00 / 10","Joseph Christian","-- / 0","","M","-- / 0","","<p>","2.00 / 2","","-->","2.00 / 2","","it defines the document's body","2.00 / 2","","Maybe","0.00 / 2","","<head>","2.00 / 2",""
"2022/11/04 6:15:24 AM PDT","0.00 / 10","RIKWANDU EMMANUEL ONYEDIKACHI","-- / 0","","J","-- / 0","","<strong>","0.00 / 2","","--/>","0.00 / 2","","it defines a web page structure","0.00 / 2","","Yes","0.00 / 2","","<h1>","0.00 / 2",""
"2022/11/04 6:19:22 AM PDT","6.00 / 10","DAVID BENSON","-- / 0","","E","-- / 0","","<p>","2.00 / 2","","--/>","0.00 / 2","","it defines the document's body","2.00 / 2","","Maybe","0.00 / 2","","<head>","2.00 / 2",""
"2022/11/04 6:27:21 AM PDT","4.00 / 10","UGORJI JULIET ","-- / 0","","E","-- / 0","","<strong>","0.00 / 2","","/>","0.00 / 2","","it defines the document's body","2.00 / 2","","Yes","0.00 / 2","","<head>","2.00 / 2",""
"2022/11/04 6:28:34 AM PDT","8.00 / 10","OGOCHUKWU OLUEBUBE","-- / 0","","J","-- / 0","","<p>","2.00 / 2","","-->","2.00 / 2","","it defines the document's body","2.00 / 2","","Yes","0.00 / 2","","<head>","2.00 / 2",""
"2022/11/04 6:31:22 AM PDT","6.00 / 10","ENYI GLORIA HECHIKARU","-- / 0","","C","-- / 0","","<strong>","0.00 / 2","","-->","2.00 / 2","","it defines the document's body","2.00 / 2","","Yes","0.00 / 2","","<head>","2.00 / 2",""
"2022/11/04 6:31:40 AM PDT","4.00 / 10","OYEDUN IBUKUN","-- / 0","","C","-- / 0","","<small>","0.00 / 2","","-->","2.00 / 2","","it defines the document's body","2.00 / 2","","Yes","0.00 / 2","","<heading>","0.00 / 2",""
"2022/11/04 6:32:42 AM PDT","2.00 / 10","OCHEMBA CHISOM  SYLVIA","-- / 0","","C","-- / 0","","<b>","0.00 / 2","","/>","0.00 / 2","","it defines the document's body","2.00 / 2","","Yes","0.00 / 2","","<h1>","0.00 / 2",""
"2022/11/04 6:33:16 AM PDT","2.00 / 10","OSERE ADNA-JESUS","-- / 0","","C","-- / 0","","<small>","0.00 / 2","","/>","0.00 / 2","","it defines the document's body","2.00 / 2","","Maybe","0.00 / 2","","<header>","0.00 / 2",""
"2022/11/04 6:33:55 AM PDT","2.00 / 10","OKAFOR CHISOM FAVOUR","-- / 0","","C","-- / 0","","<strong>","0.00 / 2","","/>","0.00 / 2","","it defines the document's body","2.00 / 2","","Yes","0.00 / 2","","<heading>","0.00 / 2",""