"Timestamp","Total score","Name","Name [Score]","Name [Feedback]","ARM","ARM [Score]","ARM [Feedback]","Select the odd tag in the list below","Select the odd tag in the list below [Score]","Select the odd tag in the list below [Feedback]","Which of the following is a valid HTML extension","Which of the following is a valid HTML extension [Score]","Which of the following is a valid HTML extension [Feedback]","What is the function of the  <head> tag in an HTML document","What is the function of the  <head> tag in an HTML document [Score]","What is the function of the  <head> tag in an HTML document [Feedback]","Is the HTML code below valid?
 <p>
        “The journey of a thousand miles begins with a single step.” <hr>
“A good traveler has no fixed plans and is not intent on arriving.”
</p>","Is the HTML code below valid?
 <p>
        “The journey of a thousand miles begins with a single step.” <hr>
“A good traveler has no fixed plans and is not intent on arriving.”
</p> [Score]","Is the HTML code below valid?
 <p>
        “The journey of a thousand miles begins with a single step.” <hr>
“A good traveler has no fixed plans and is not intent on arriving.”
</p> [Feedback]","Select the invalid element in the web page below
<!DOCTYPE html>
<html>
            <head></head>
            <body>
                         <h1>Memento Mori!</h1>
                         <p>
                               Memento mori is an artistic or symbolic trope acting as a reminder of the inevitability of death.
                         </p>
            <body>
</html>","Select the invalid element in the web page below
<!DOCTYPE html>
<html>
            <head></head>
            <body>
                         <h1>Memento Mori!</h1>
                         <p>
                               Memento mori is an artistic or symbolic trope acting as a reminder of the inevitability of death.
                         </p>
            <body>
</html> [Score]","Select the invalid element in the web page below
<!DOCTYPE html>
<html>
            <head></head>
            <body>
                         <h1>Memento Mori!</h1>
                         <p>
                               Memento mori is an artistic or symbolic trope acting as a reminder of the inevitability of death.
                         </p>
            <body>
</html> [Feedback]"
"2022/11/03 3:07:03 AM PDT","2.00 / 10","George Mandy Emmanuel","-- / 0","","A","-- / 0","","<canvas>","0.00 / 2","","none","0.00 / 2","","it defines the document's header","2.00 / 2","","no","0.00 / 2","","<p>","0.00 / 2",""
"2022/11/03 3:09:32 AM PDT","2.00 / 10","Njoku Henry","-- / 0","","A","-- / 0","","<svg>","0.00 / 2","","none","0.00 / 2","","it defines the document's header","2.00 / 2","","no","0.00 / 2","","<p>","0.00 / 2",""
"2022/11/03 3:17:52 AM PDT","2.00 / 10","CHIDI PRAISE . C.","-- / 0","","A","-- / 0","","<img>","0.00 / 2","",".html5","0.00 / 2","","it defines the document's header","2.00 / 2","","no","0.00 / 2","","<html>","0.00 / 2",""
"2022/11/03 3:37:49 AM PDT","2.00 / 10","UCHE KOSI DANIEL","-- / 0","","A","-- / 0","","<audio>","2.00 / 2","",".html5","0.00 / 2","","it creates a heading for the document","0.00 / 2","","no","0.00 / 2","","<p>","0.00 / 2",""
"2022/11/03 3:42:43 AM PDT","0.00 / 10","Olisa Tobenna Collins","-- / 0","","A","-- / 0","","<canvas>","0.00 / 2","","none","0.00 / 2","","it creates a heading for the document","0.00 / 2","","no","0.00 / 2","","none","0.00 / 2",""
"2022/11/03 3:42:43 AM PDT","2.00 / 10","ABUWA LLOYD","-- / 0","","A","-- / 0","","<svg>","0.00 / 2","","none","0.00 / 2","","it defines the document's header","2.00 / 2","","no","0.00 / 2","","none","0.00 / 2",""
"2022/11/03 3:44:39 AM PDT","2.00 / 10","NDUBUISI CHUKWUEMEKA DOMINION","-- / 0","","A","-- / 0","","<canvas>","0.00 / 2","",".html5","0.00 / 2","","it defines the document's header","2.00 / 2","","no","0.00 / 2","","<html>","0.00 / 2",""
"2022/11/03 3:47:20 AM PDT","4.00 / 10","IFEMADE INUMIDUN IFEPOSI","-- / 0","","A","-- / 0","","<audio>","2.00 / 2","","none","0.00 / 2","","it contains metadata/information for the document","2.00 / 2","","no","0.00 / 2","","<p>","0.00 / 2",""
"2022/11/03 3:48:16 AM PDT","0.00 / 10","ikechukwu ekenedirichukwu victory","-- / 0","","A","-- / 0","","<svg>","0.00 / 2","","none","0.00 / 2","","it creates a heading for the document","0.00 / 2","","no","0.00 / 2","","<p>","0.00 / 2",""
"2022/11/03 3:51:36 AM PDT","4.00 / 10","Iyobu-oki Ariyel","-- / 0","","A","-- / 0","","<audio>","2.00 / 2","","none","0.00 / 2","","it contains metadata/information for the document","2.00 / 2","","no","0.00 / 2","","<html>","0.00 / 2",""
"2022/11/03 3:51:43 AM PDT","2.00 / 10","prince gift chisom","-- / 0","","A","-- / 0","","<canvas>","0.00 / 2","","none","0.00 / 2","","it creates a heading for the document","0.00 / 2","","yes","2.00 / 2","","<p>","0.00 / 2",""
"2022/11/03 3:53:53 AM PDT","4.00 / 10","Nwosu Macpharson","-- / 0","","A","-- / 0","","<audio>","2.00 / 2","","none","0.00 / 2","","it contains metadata/information for the document","2.00 / 2","","no","0.00 / 2","","<p>","0.00 / 2",""
"2022/11/03 3:55:22 AM PDT","0.00 / 10","Sambebe Jesse","-- / 0","","A","-- / 0","","<svg>","0.00 / 2","",".html5","0.00 / 2","","it creates a heading for the document","0.00 / 2","","no","0.00 / 2","","<p>","0.00 / 2",""
"2022/11/03 3:55:55 AM PDT","6.00 / 10","IKEDIASOR UCHE STANLEY","-- / 0","","A","-- / 0","","<audio>","2.00 / 2","",".html5","0.00 / 2","","it contains metadata/information for the document","2.00 / 2","","yes","2.00 / 2","","none","0.00 / 2",""
"2022/11/03 3:57:31 AM PDT","4.00 / 10","ADIEZE SOMTOCHUKWU .C.","-- / 0","","A","-- / 0","","<audio>","2.00 / 2","",".xhtml","0.00 / 2","","it contains metadata/information for the document","2.00 / 2","","no","0.00 / 2","","<html>","0.00 / 2",""
"2022/11/03 3:58:25 AM PDT","2.00 / 10","Bakor Kilsi Love","-- / 0","","A","-- / 0","","<svg>","0.00 / 2","","none","0.00 / 2","","it contains metadata/information for the document","2.00 / 2","","no","0.00 / 2","","none","0.00 / 2",""
"2022/11/04 3:46:49 AM PDT","6.00 / 10","Bisong Richard OBI","-- / 0","","M","-- / 0","","<canvas>","0.00 / 2","","none","0.00 / 2","","it defines the document's header","2.00 / 2","","yes","2.00 / 2","","<body>","2.00 / 2",""
"2022/11/04 3:49:41 AM PDT","2.00 / 10","Ikechi Trust Ijeoma","-- / 0","","M","-- / 0","","<canvas>","0.00 / 2","","none","0.00 / 2","","it defines the document's header","2.00 / 2","","possibly","0.00 / 2","","none","0.00 / 2",""
"2022/11/04 3:50:57 AM PDT","4.00 / 10","Onyeama Chidinma","-- / 0","","M","-- / 0","","<audio>","2.00 / 2","",".xhtml","0.00 / 2","","it creates a heading for the document","0.00 / 2","","yes","2.00 / 2","","none","0.00 / 2",""
"2022/11/04 3:53:27 AM PDT","0.00 / 10","Adimoha Oliver Chidiebere","-- / 0","","M","-- / 0","","<canvas>","0.00 / 2","","none","0.00 / 2","","it creates a heading for the document","0.00 / 2","","no","0.00 / 2","","none","0.00 / 2",""
"2022/11/04 3:54:51 AM PDT","2.00 / 10","peter enruchi favour","-- / 0","","M","-- / 0","","<img>","0.00 / 2","",".htm","2.00 / 2","","it creates a heading for the document","0.00 / 2","","no","0.00 / 2","","none","0.00 / 2",""
"2022/11/04 4:00:48 AM PDT","4.00 / 10","OLUWAGBENGA EMMANUEL","-- / 0","","M","-- / 0","","<canvas>","0.00 / 2","",".html5","0.00 / 2","","it defines the document's header","2.00 / 2","","no","0.00 / 2","","<body>","2.00 / 2",""
"2022/11/04 4:01:06 AM PDT","2.00 / 10","Eduzie pascal","-- / 0","","M","-- / 0","","<canvas>","0.00 / 2","","none","0.00 / 2","","it creates a heading for the document","0.00 / 2","","no","0.00 / 2","","<body>","2.00 / 2",""
"2022/11/04 4:02:16 AM PDT","2.00 / 10","GINI UGOCHUKWU JOSEPH DUKE","-- / 0","","M","-- / 0","","<svg>","0.00 / 2","",".htm","2.00 / 2","","it creates a heading for the document","0.00 / 2","","possibly","0.00 / 2","","none","0.00 / 2",""
"2022/11/04 4:07:23 AM PDT","4.00 / 10","ezebunwa divine chizoba","-- / 0","","M","-- / 0","","<audio>","2.00 / 2","",".html5","0.00 / 2","","it creates a heading for the document","0.00 / 2","","yes","2.00 / 2","","<html>","0.00 / 2",""
"2022/11/04 4:07:30 AM PDT","6.00 / 10","Ugwu Ann Chinemerem","-- / 0","","M","-- / 0","","<audio>","2.00 / 2","",".html5","0.00 / 2","","it contains metadata/information for the document","2.00 / 2","","yes","2.00 / 2","","none","0.00 / 2",""
"2022/11/04 4:09:09 AM PDT","4.00 / 10","ELIJAH DORIS","-- / 0","","M","-- / 0","","<audio>","2.00 / 2","",".xhtml","0.00 / 2","","it creates a heading for the document","0.00 / 2","","maybe","0.00 / 2","","<body>","2.00 / 2",""
"2022/11/04 4:09:45 AM PDT","4.00 / 10","VAAH RHODA LEDIMBARI","-- / 0","","M","-- / 0","","<canvas>","0.00 / 2","",".html5","0.00 / 2","","it defines the document's header","2.00 / 2","","yes","2.00 / 2","","none","0.00 / 2",""
"2022/11/04 4:10:58 AM PDT","2.00 / 10","TANADEBA BARIDIDUM GOLDEN","-- / 0","","M","-- / 0","","<svg>","0.00 / 2","",".html5","0.00 / 2","","it creates a heading for the document","0.00 / 2","","yes","2.00 / 2","","<html>","0.00 / 2",""
"2022/11/04 4:14:28 AM PDT","4.00 / 10","AGBAJI  STEPHANIE ENEADA","-- / 0","","M","-- / 0","","<canvas>","0.00 / 2","",".xhtml","0.00 / 2","","it contains metadata/information for the document","2.00 / 2","","yes","2.00 / 2","","<html>","0.00 / 2",""
"2022/11/04 4:16:01 AM PDT","2.00 / 10","Abuchukwu Akachukwu","-- / 0","","A","-- / 0","","<img>","0.00 / 2","",".html5","0.00 / 2","","it defines the document's header","2.00 / 2","","no","0.00 / 2","","<p>","0.00 / 2",""
"2022/11/04 4:19:02 AM PDT","2.00 / 10","PELEOKERE DIVINE CHIKAMSO ADAUGO","-- / 0","","M","-- / 0","","<svg>","0.00 / 2","",".htm","2.00 / 2","","it creates a heading for the document","0.00 / 2","","possibly","0.00 / 2","","<p>","0.00 / 2",""
"2022/11/04 4:19:56 AM PDT","4.00 / 10","Igbudu ThankGod Victor","-- / 0","","M","-- / 0","","<audio>","2.00 / 2","",".xhtml","0.00 / 2","","it creates a heading for the document","0.00 / 2","","yes","2.00 / 2","","none","0.00 / 2",""
"2022/11/04 4:20:29 AM PDT","2.00 / 10","giobari  divine  nabarileedum","-- / 0","","M","-- / 0","","<canvas>","0.00 / 2","",".html5","0.00 / 2","","it creates a heading for the document","0.00 / 2","","yes","2.00 / 2","","<html>","0.00 / 2",""
"2022/11/04 5:02:07 AM PDT","4.00 / 10","OYINLOYE OLUWATOMISIN OBIALOM","-- / 0","","B","-- / 0","","<canvas>","0.00 / 2","","none","0.00 / 2","","it contains metadata/information for the document","2.00 / 2","","possibly","0.00 / 2","","<body>","2.00 / 2",""
"2022/11/04 5:02:54 AM PDT","2.00 / 10","Chukwuemeka Kamsiyochi","-- / 0","","B","-- / 0","","<canvas>","0.00 / 2","",".html5","0.00 / 2","","it creates a heading for the document","0.00 / 2","","yes","2.00 / 2","","<html>","0.00 / 2",""
"2022/11/04 5:27:55 AM PDT","4.00 / 10","ukah ifunanya precious","-- / 0","","J","-- / 0","","<svg>","0.00 / 2","",".html5","0.00 / 2","","it contains metadata/information for the document","2.00 / 2","","yes","2.00 / 2","","<html>","0.00 / 2",""
"2022/11/04 5:31:44 AM PDT","6.00 / 10","IBEH CHIOMA SOPHIA","-- / 0","","J","-- / 0","","<canvas>","0.00 / 2","",".html5","0.00 / 2","","it contains metadata/information for the document","2.00 / 2","","yes","2.00 / 2","","<body>","2.00 / 2",""
"2022/11/04 5:32:52 AM PDT","6.00 / 10","Sotonye Noble Ezekiel-Nobughe","-- / 0","","J","-- / 0","","<audio>","2.00 / 2","",".htm","2.00 / 2","","all of the above","0.00 / 2","","yes","2.00 / 2","","none","0.00 / 2",""
"2022/11/04 5:36:10 AM PDT","4.00 / 10","nduka christabel","-- / 0","","J","-- / 0","","<svg>","0.00 / 2","",".xhtml","0.00 / 2","","it defines the document's header","2.00 / 2","","yes","2.00 / 2","","<p>","0.00 / 2",""
"2022/11/04 5:39:10 AM PDT","4.00 / 10","charles ogun nelson","-- / 0","","E","-- / 0","","<audio>","2.00 / 2","","none","0.00 / 2","","it creates a heading for the document","0.00 / 2","","yes","2.00 / 2","","<p>","0.00 / 2",""
"2022/11/04 5:39:19 AM PDT","4.00 / 10","obiefuna olisaemeka c","-- / 0","","C","-- / 0","","<svg>","0.00 / 2","",".htm","2.00 / 2","","it defines the document's header","2.00 / 2","","no","0.00 / 2","","<p>","0.00 / 2",""
"2022/11/04 5:40:37 AM PDT","2.00 / 10","SOLOMON INMO NELSON","-- / 0","","C","-- / 0","","<svg>","0.00 / 2","",".html5","0.00 / 2","","all of the above","0.00 / 2","","yes","2.00 / 2","","none","0.00 / 2",""
"2022/11/04 5:41:30 AM PDT","4.00 / 10","IYALLA P DANIEL","-- / 0","","A","-- / 0","","<audio>","2.00 / 2","","none","0.00 / 2","","it creates a heading for the document","0.00 / 2","","yes","2.00 / 2","","none","0.00 / 2",""
"2022/11/04 5:43:17 AM PDT","4.00 / 10","ADIELE EZEDINACHI B","-- / 0","","C","-- / 0","","<canvas>","0.00 / 2","",".xhtml","0.00 / 2","","it contains metadata/information for the document","2.00 / 2","","yes","2.00 / 2","","none","0.00 / 2",""
"2022/11/04 5:51:19 AM PDT","8.00 / 10","Nwokoro Chimeremeze Faith","-- / 0","","J","-- / 0","","<audio>","2.00 / 2","","none","0.00 / 2","","it contains metadata/information for the document","2.00 / 2","","yes","2.00 / 2","","<body>","2.00 / 2",""
"2022/11/04 5:52:15 AM PDT","0.00 / 10","Atuzie Sharon Ngozichim","-- / 0","","J","-- / 0","","<canvas>","0.00 / 2","",".html5","0.00 / 2","","it creates a heading for the document","0.00 / 2","","no","0.00 / 2","","<p>","0.00 / 2",""
"2022/11/04 5:52:26 AM PDT","4.00 / 10","HANSON EMMANUEL ETIM","-- / 0","","J","-- / 0","","<canvas>","0.00 / 2","",".htm","2.00 / 2","","it defines the document's header","2.00 / 2","","no","0.00 / 2","","none","0.00 / 2",""
"2022/11/04 5:52:35 AM PDT","4.00 / 10","ALIKA DANIEL","-- / 0","","J","-- / 0","","<canvas>","0.00 / 2","",".htm","2.00 / 2","","it defines the document's header","2.00 / 2","","no","0.00 / 2","","<p>","0.00 / 2",""
"2022/11/04 5:54:48 AM PDT","4.00 / 10","Ezebarabadavd","-- / 0","","J","-- / 0","","<svg>","0.00 / 2","","none","0.00 / 2","","it defines the document's header","2.00 / 2","","yes","2.00 / 2","","<html>","0.00 / 2",""
"2022/11/04 5:55:43 AM PDT","4.00 / 10","GODSWILL DEBORAH CHIMEBUKA","-- / 0","","C","-- / 0","","<audio>","2.00 / 2","","none","0.00 / 2","","it contains metadata/information for the document","2.00 / 2","","no","0.00 / 2","","none","0.00 / 2",""
"2022/11/04 5:56:24 AM PDT","0.00 / 10","Eke David Chimenem","-- / 0","","J","-- / 0","","<svg>","0.00 / 2","","none","0.00 / 2","","all of the above","0.00 / 2","","no","0.00 / 2","","<p>","0.00 / 2",""
"2022/11/04 5:57:40 AM PDT","4.00 / 10","Bassey Obiesio Essang ","-- / 0","","J","-- / 0","","<img>","0.00 / 2","",".htm","2.00 / 2","","it defines the document's header","2.00 / 2","","no","0.00 / 2","","<p>","0.00 / 2",""
"2022/11/04 5:58:04 AM PDT","2.00 / 10","Ngumoha Maximillian Jr","-- / 0","","J","-- / 0","","<canvas>","0.00 / 2","",".xhtml","0.00 / 2","","it defines the document's header","2.00 / 2","","no","0.00 / 2","","none","0.00 / 2",""
"2022/11/04 5:58:43 AM PDT","8.00 / 10","GODSWILL DEBORAH CHIMEBUKA","-- / 0","","C","-- / 0","","<audio>","2.00 / 2","",".htm","2.00 / 2","","it contains metadata/information for the document","2.00 / 2","","yes","2.00 / 2","","<p>","0.00 / 2",""
"2022/11/04 5:59:05 AM PDT","8.00 / 10","PATRICK KINGSLEY CHIBUIKE","-- / 0","","J","-- / 0","","<audio>","2.00 / 2","",".html5","0.00 / 2","","it contains metadata/information for the document","2.00 / 2","","yes","2.00 / 2","","<body>","2.00 / 2",""
"2022/11/04 6:01:50 AM PDT","6.00 / 10","uwa uchechi precious","-- / 0","","J","-- / 0","","<audio>","2.00 / 2","",".html5","0.00 / 2","","it defines the document's header","2.00 / 2","","yes","2.00 / 2","","<p>","0.00 / 2",""
"2022/11/04 6:02:17 AM PDT","6.00 / 10","ATUNUMUO OGHENEMINE LOIS","-- / 0","","J","-- / 0","","<svg>","0.00 / 2","",".htm","2.00 / 2","","it defines the document's header","2.00 / 2","","yes","2.00 / 2","","<p>","0.00 / 2",""
"2022/11/04 6:02:43 AM PDT","2.00 / 10","Echefu//Vanessa","-- / 0","","J","-- / 0","","<svg>","0.00 / 2","",".html5","0.00 / 2","","it defines the document's header","2.00 / 2","","maybe","0.00 / 2","","<p>","0.00 / 2",""
"2022/11/04 6:03:16 AM PDT","4.00 / 10","UCHE JOHA","-- / 0","","J","-- / 0","","<svg>","0.00 / 2","",".html5","0.00 / 2","","all of the above","0.00 / 2","","yes","2.00 / 2","","<body>","2.00 / 2",""
"2022/11/04 6:03:46 AM PDT","6.00 / 10","alamina fortune ibinabo","-- / 0","","J","-- / 0","","<canvas>","0.00 / 2","",".htm","2.00 / 2","","it contains metadata/information for the document","2.00 / 2","","yes","2.00 / 2","","none","0.00 / 2",""
"2022/11/04 6:03:58 AM PDT","4.00 / 10","OBINNA ADAEZE FAVOUR","-- / 0","","J","-- / 0","","<img>","0.00 / 2","","none","0.00 / 2","","it defines the document's header","2.00 / 2","","yes","2.00 / 2","","none","0.00 / 2",""
"2022/11/04 6:04:08 AM PDT","2.00 / 10","Okoroafor Chidimma","-- / 0","","J","-- / 0","","<canvas>","0.00 / 2","",".html5","0.00 / 2","","all of the above","0.00 / 2","","no","0.00 / 2","","<body>","2.00 / 2",""
"2022/11/04 6:05:01 AM PDT","0.00 / 10","AYODELE EMMANUEL","-- / 0","","J","-- / 0","","<svg>","0.00 / 2","",".html5","0.00 / 2","","all of the above","0.00 / 2","","no","0.00 / 2","","<p>","0.00 / 2",""
"2022/11/04 6:05:40 AM PDT","2.00 / 10","EMMANUEL .T. EMMANUEL","-- / 0","","J","-- / 0","","<canvas>","0.00 / 2","","none","0.00 / 2","","all of the above","0.00 / 2","","yes","2.00 / 2","","<html>","0.00 / 2",""
"2022/11/04 6:06:10 AM PDT","6.00 / 10","Onyeadiri Chidera","-- / 0","","J","-- / 0","","<audio>","2.00 / 2","",".html5","0.00 / 2","","it contains metadata/information for the document","2.00 / 2","","yes","2.00 / 2","","<p>","0.00 / 2",""
"2022/11/04 6:09:02 AM PDT","6.00 / 10","ADELEKE OLA-DANIEL T","-- / 0","","E","-- / 0","","<audio>","2.00 / 2","",".htm","2.00 / 2","","it creates a heading for the document","0.00 / 2","","no","0.00 / 2","","<body>","2.00 / 2",""
"2022/11/04 6:09:15 AM PDT","6.00 / 10","AKINYOSOYE OLUWAFEMI","-- / 0","","J","-- / 0","","<audio>","2.00 / 2","","none","0.00 / 2","","it contains metadata/information for the document","2.00 / 2","","yes","2.00 / 2","","none","0.00 / 2",""
"2022/11/04 6:09:39 AM PDT","0.00 / 10","ogorchukwu prosper chinemere","-- / 0","","E","-- / 0","","<canvas>","0.00 / 2","",".xhtml","0.00 / 2","","it creates a heading for the document","0.00 / 2","","no","0.00 / 2","","<p>","0.00 / 2",""
"2022/11/04 6:09:52 AM PDT","2.00 / 10","Nwokoye Casmir Kamsiyonna","-- / 0","","E","-- / 0","","<img>","0.00 / 2","","none","0.00 / 2","","it defines the document's header","2.00 / 2","","possibly","0.00 / 2","","<p>","0.00 / 2",""
"2022/11/04 6:10:01 AM PDT","4.00 / 10","jimoh suad","-- / 0","","E","-- / 0","","<audio>","2.00 / 2","",".html5","0.00 / 2","","it creates a heading for the document","0.00 / 2","","yes","2.00 / 2","","none","0.00 / 2",""
"2022/11/04 6:11:56 AM PDT","2.00 / 10","ETUKEMEWAMEFFIONG","-- / 0","","E","-- / 0","","<audio>","2.00 / 2","",".html5","0.00 / 2","","it creates a heading for the document","0.00 / 2","","possibly","0.00 / 2","","<html>","0.00 / 2",""
"2022/11/04 6:12:36 AM PDT","4.00 / 10","ONYEBEN IHUOMA CHINYERE","-- / 0","","E","-- / 0","","<audio>","2.00 / 2","","none","0.00 / 2","","it contains metadata/information for the document","2.00 / 2","","no","0.00 / 2","","none","0.00 / 2",""
"2022/11/04 6:13:16 AM PDT","2.00 / 10","AZUBUIKE REJOICE","-- / 0","","E","-- / 0","","<audio>","2.00 / 2","","none","0.00 / 2","","it creates a heading for the document","0.00 / 2","","no","0.00 / 2","","<p>","0.00 / 2",""
"2022/11/04 6:13:40 AM PDT","0.00 / 10","patterson ishmael","-- / 0","","M","-- / 0","","<svg>","0.00 / 2","","none","0.00 / 2","","it creates a heading for the document","0.00 / 2","","no","0.00 / 2","","none","0.00 / 2",""
"2022/11/04 6:16:31 AM PDT","2.00 / 10","IWCHUKWU KECHI","-- / 0","","J","-- / 0","","<svg>","0.00 / 2","",".htm","2.00 / 2","","it creates a heading for the document","0.00 / 2","","no","0.00 / 2","","<p>","0.00 / 2",""
"2022/11/04 6:16:34 AM PDT","4.00 / 10","Ezeakunne Divine chima","-- / 0","","M","-- / 0","","<canvas>","0.00 / 2","",".html5","0.00 / 2","","it defines the document's header","2.00 / 2","","yes","2.00 / 2","","<html>","0.00 / 2",""
"2022/11/04 6:16:36 AM PDT","6.00 / 10","Solommon Mistifii","-- / 0","","A","-- / 0","","<svg>","0.00 / 2","","none","0.00 / 2","","it contains metadata/information for the document","2.00 / 2","","yes","2.00 / 2","","<body>","2.00 / 2",""
"2022/11/04 6:17:43 AM PDT","0.00 / 10","Orovwigho Akpomiemie","-- / 0","","A","-- / 0","","<svg>","0.00 / 2","","none","0.00 / 2","","it creates a heading for the document","0.00 / 2","","no","0.00 / 2","","none","0.00 / 2",""
"2022/11/04 6:20:31 AM PDT","4.00 / 10","nANCY/AGUGUA","-- / 0","","E","-- / 0","","<audio>","2.00 / 2","",".html5","0.00 / 2","","it creates a heading for the document","0.00 / 2","","yes","2.00 / 2","","<html>","0.00 / 2",""
"2022/11/04 6:27:17 AM PDT","2.00 / 10","ADEKOYA PRAISE","-- / 0","","J","-- / 0","","<audio>","2.00 / 2","","none","0.00 / 2","","all of the above","0.00 / 2","","no","0.00 / 2","","none","0.00 / 2",""
"2022/11/04 6:27:35 AM PDT","6.00 / 10","jinn victory idaemele","-- / 0","","J","-- / 0","","<audio>","2.00 / 2","",".html5","0.00 / 2","","it defines the document's header","2.00 / 2","","yes","2.00 / 2","","<p>","0.00 / 2",""
"2022/11/04 6:28:56 AM PDT","6.00 / 10","ALOZIE PRAISE","-- / 0","","C","-- / 0","","<audio>","2.00 / 2","",".html5","0.00 / 2","","it contains metadata/information for the document","2.00 / 2","","yes","2.00 / 2","","none","0.00 / 2",""
"2022/11/04 6:30:29 AM PDT","6.00 / 10","AFAM-OKOYE PRETTY CHIDERA","-- / 0","","C","-- / 0","","<audio>","2.00 / 2","","none","0.00 / 2","","it contains metadata/information for the document","2.00 / 2","","yes","2.00 / 2","","none","0.00 / 2",""
"2022/11/04 6:31:58 AM PDT","6.00 / 10","OKORONKWO TREASURE UCHECHI","-- / 0","","C","-- / 0","","<svg>","0.00 / 2","","none","0.00 / 2","","it defines the document's header","2.00 / 2","","yes","2.00 / 2","","<body>","2.00 / 2",""
"2022/11/04 6:32:57 AM PDT","4.00 / 10","wemejiri chigonum","-- / 0","","J","-- / 0","","<img>","0.00 / 2","",".html5","0.00 / 2","","it defines the document's header","2.00 / 2","","yes","2.00 / 2","","<p>","0.00 / 2",""